user_id,total_swipes,right_swipe_rate,left_swipe_rate,distinct_segments_liked,distinct_genres_liked,distinct_cities_liked,avg_liked_price,avg_disliked_price,avg_days_until_event_liked,avg_days_until_event_disliked,genre_entropy_all,genre_entropy_liked,city_entropy_liked,recency_days,activity_span_days,sessions_count,events_seen,arts_and_theatre_like_rate,arts_and_theatre_swipe_share,family_like_rate,family_swipe_share,music_like_rate,music_swipe_share,sports_like_rate,sports_swipe_share,discover_share,map_share,planner_share
user_001,4.143134726391533,0.8225806451612904,0.1774193548387097,1.3862943611198906,2.0794415416798357,1.9459101490553132,71.13441176470589,84.66863636363637,117.47058823529412,107.27272727272727,2.933711105586392,2.468153869284715,1.2524009201900004,30.0,50.0,1.791759469228055,4.04305126783455,0.25,0.06451612903225806,0.0,0.016129032258064516,0.9245283018867925,0.8548387096774194,0.25,0.06451612903225806,0.7258064516129032,0.16129032258064516,0.11290322580645161
user_002,4.3694478524670215,0.8461538461538461,0.15384615384615385,1.6094379124341003,2.6390573296152584,1.6094379124341003,73.1596212121212,77.05624999999999,70.18181818181819,72.5,3.3268382330759043,3.0078868639094796,0.7146532448524052,0.0,30.0,1.6094379124341003,4.23410650459726,0.8,0.1282051282051282,0.2,0.0641025641025641,0.9310344827586207,0.7435897435897436,0.6,0.0641025641025641,0.717948717948718,0.1282051282051282,0.15384615384615385
user_003,4.1588830833596715,0.873015873015873,0.12698412698412698,1.0986122886681098,2.302585092994046,2.0794415416798357,70.414,82.035,59.18181818181818,55.5,2.8749993416588246,2.577614590601519,0.9482585584153427,0.0,25.0,1.3862943611198906,4.0943445622221,0.5714285714285714,0.1111111111111111,0.0,0.0,0.9622641509433962,0.8412698412698413,0.0,0.047619047619047616,0.7777777777777778,0.14285714285714285,0.07936507936507936
user_004,3.8501476017100584,0.6956521739130435,0.30434782608695654,1.0986122886681098,1.9459101490553132,1.791759469228055,61.863437499999996,70.0125,98.6875,92.21428571428571,3.103991848532061,2.3631081122623816,1.3233885792578717,13.0,36.0,1.9459101490553132,3.7376696182833684,0.0,0.13043478260869565,0.0,0.06521739130434782,0.9117647058823529,0.7391304347826086,0.3333333333333333,0.06521739130434782,0.782608695652174,0.08695652173913043,0.13043478260869565
user_005,4.343805421853684,0.868421052631579,0.13157894736842105,1.3862943611198906,2.1972245773362196,1.3862943611198906,67.68348484848484,70.931,82.66666666666667,98.9,2.8920010912252523,2.5643816517635982,0.9449724401045987,0.0,58.0,2.0794415416798357,4.248495242049359,0.375,0.10526315789473684,0.0,0.013157894736842105,0.9538461538461539,0.8552631578947368,0.5,0.02631578947368421,0.8552631578947368,0.05263157894736842,0.09210526315789473
user_006,4.356708826689592,0.7662337662337663,0.23376623376623376,1.3862943611198906,2.3978952727983707,1.9459101490553132,72.82423728813559,72.58527777777778,78.62711864406779,62.888888888888886,3.2530765740335865,2.8134230942918137,1.406592672562778,0.0,40.0,1.9459101490553132,4.290459441148391,0.35294117647058826,0.22077922077922077,0.0,0.025974025974025976,0.9454545454545454,0.7142857142857143,0.3333333333333333,0.03896103896103896,0.7012987012987013,0.16883116883116883,0.12987012987012986
user_007,4.394449154672439,0.8125,0.1875,1.3862943611198906,2.3978952727983707,1.791759469228055,67.3523076923077,56.687,99.06153846153846,115.8,3.0958879750424657,2.706443648821688,1.123704614269839,11.0,65.0,1.3862943611198906,4.31748811353631,0.5555555555555556,0.1125,0.4,0.0625,0.9354838709677419,0.775,0.0,0.05,0.825,0.1375,0.0375
user_008,4.330733340286331,0.8533333333333334,0.14666666666666667,1.3862943611198906,2.3978952727983707,1.9459101490553132,69.7709375,76.09227272727271,102.09375,92.45454545454545,3.348613981490157,2.8731997086634506,1.241291602104117,21.0,59.0,2.1972245773362196,4.2626798770413155,0.6363636363636364,0.14666666666666667,0.0,0.04,1.0,0.7066666666666667,0.5,0.10666666666666667,0.7066666666666667,0.13333333333333333,0.16
user_009,3.828641396489095,0.7333333333333333,0.26666666666666666,1.3862943611198906,2.3978952727983707,1.6094379124341003,64.08166666666668,60.387916666666676,121.93939393939394,116.25,3.4063315089526904,2.77987727229177,1.0528423716010191,31.0,40.0,2.1972245773362196,3.7376696182833684,0.5,0.13333333333333333,0.3333333333333333,0.13333333333333333,0.9655172413793104,0.6444444444444445,0.0,0.08888888888888889,0.7333333333333333,0.1111111111111111,0.15555555555555556
user_010,4.290459441148391,0.875,0.125,1.6094379124341003,2.302585092994046,1.791759469228055,67.2354761904762,69.63444444444444,88.2063492063492,93.66666666666667,3.017248959034706,2.681014004091217,1.1422398433793401,1.0,66.0,1.6094379124341003,4.219507705176107,0.5714285714285714,0.09722222222222222,0.5,0.027777777777777776,0.9661016949152542,0.8194444444444444,0.25,0.05555555555555555,0.75,0.1111111111111111,0.1388888888888889
user_011,3.828641396489095,0.8666666666666667,0.13333333333333333,1.3862943611198906,2.1972245773362196,1.9459101490553132,73.83692307692309,60.689166666666665,61.82051282051282,71.0,3.0725027540346344,2.577052144363779,1.2863866965438118,0.0,4.0,2.1972245773362196,3.7612001156935624,0.5,0.08888888888888889,0.0,0.044444444444444446,0.972972972972973,0.8222222222222222,0.5,0.044444444444444446,0.7777777777777778,0.17777777777777778,0.044444444444444446
user_012,4.382026634673881,0.9240506329113924,0.0759493670886076,1.6094379124341003,2.3978952727983707,1.9459101490553132,69.35479452054794,83.98083333333334,63.38356164383562,85.0,2.8586957226829584,2.7335756489242313,1.5954845741207153,0.0,18.0,1.3862943611198906,4.219507705176107,0.8,0.06329113924050633,1.0,0.02531645569620253,0.9565217391304348,0.8734177215189873,0.3333333333333333,0.0379746835443038,0.810126582278481,0.0759493670886076,0.11392405063291139
user_013,4.382026634673881,0.8860759493670886,0.11392405063291139,1.6094379124341003,2.302585092994046,1.9459101490553132,75.07864285714285,52.395,91.47142857142858,60.333333333333336,2.911070255936022,2.597607690458424,1.1061651942050732,0.0,64.0,1.3862943611198906,4.1588830833596715,0.25,0.05063291139240506,0.2,0.06329113924050633,0.9705882352941176,0.8607594936708861,1.0,0.02531645569620253,0.7721518987341772,0.189873417721519,0.0379746835443038
user_014,4.174387269895637,0.796875,0.203125,1.0986122886681098,2.302585092994046,1.9459101490553132,67.78745098039215,69.06307692307693,90.6078431372549,98.07692307692308,3.227961491893328,2.714258837694169,0.9648905977684821,2.0,49.0,2.1972245773362196,4.1588830833596715,0.7,0.15625,0.0,0.03125,0.9166666666666666,0.75,0.0,0.0625,0.671875,0.25,0.078125
user_015,4.143134726391533,0.7741935483870968,0.22580645161290322,1.3862943611198906,2.1972245773362196,1.791759469228055,69.37333333333333,67.52321428571427,106.8125,77.21428571428571,3.151349177840072,2.606464856747655,1.0070390213448124,23.0,45.0,1.791759469228055,4.007333185232471,0.1,0.16129032258064516,0.6666666666666666,0.04838709677419355,0.9375,0.7741935483870968,0.0,0.016129032258064516,0.7419354838709677,0.22580645161290322,0.03225806451612903
user_016,4.31748811353631,0.8378378378378378,0.16216216216216217,1.0986122886681098,1.9459101490553132,1.791759469228055,72.59943548387098,71.65833333333335,91.83870967741936,81.33333333333333,3.071630303392841,2.391317010707026,1.0212238274330128,0.0,58.0,1.3862943611198906,4.219507705176107,0.0,0.05405405405405406,0.0,0.02702702702702703,0.9838709677419355,0.8378378378378378,0.16666666666666666,0.08108108108108109,0.7432432432432432,0.14864864864864866,0.10810810810810811
user_017,4.219507705176107,0.8059701492537313,0.19402985074626866,1.6094379124341003,2.302585092994046,1.6094379124341003,70.08398148148149,66.08500000000001,73.75925925925925,75.0,3.195250959288004,2.6519327881430588,0.7351527608884878,0.0,37.0,1.9459101490553132,4.143134726391533,0.3333333333333333,0.08955223880597014,0.2,0.07462686567164178,0.9615384615384616,0.7761194029850746,0.25,0.05970149253731343,0.7761194029850746,0.1044776119402985,0.11940298507462686
user_018,4.007333185232471,0.8518518518518519,0.14814814814814814,1.6094379124341003,2.302585092994046,1.3862943611198906,69.15130434782608,68.48124999999999,81.8695652173913,71.25,3.1107615066410466,2.749652796133591,0.6784070909375675,0.0,44.0,1.9459101490553132,4.007333185232471,0.3333333333333333,0.1111111111111111,0.5,0.037037037037037035,0.9534883720930233,0.7962962962962963,0.6666666666666666,0.05555555555555555,0.7592592592592593,0.14814814814814814,0.09259259259259259
user_019,4.2626798770413155,0.8285714285714286,0.17142857142857143,1.6094379124341003,2.5649493574615367,2.0794415416798357,71.06603448275862,67.01499999999999,108.13793103448276,110.66666666666667,3.1953206487969594,2.86881694504764,1.414450542983296,7.0,58.0,2.1972245773362196,4.189654742026425,0.42857142857142855,0.1,0.5,0.08571428571428572,0.9259259259259259,0.7714285714285715,0.6666666666666666,0.04285714285714286,0.8,0.12857142857142856,0.07142857142857142
user_020,4.30406509320417,0.863013698630137,0.136986301369863,1.3862943611198906,2.302585092994046,1.9459101490553132,67.35190476190476,56.72700000000001,56.3968253968254,58.7,3.114427141973083,2.7429610827461155,0.8602391998290575,0.0,10.0,1.3862943611198906,4.174387269895637,0.8571428571428571,0.0958904109589041,0.0,0.0547945205479452,0.9491525423728814,0.8082191780821918,0.3333333333333333,0.0410958904109589,0.7671232876712328,0.136986301369863,0.0958904109589041
user_021,4.204692619390966,0.7424242424242424,0.25757575757575757,1.6094379124341003,2.1972245773362196,1.3862943611198906,66.78561224489796,76.37882352941176,103.38775510204081,117.76470588235294,2.9994261358625742,2.5532145692510277,0.9580540683392956,23.0,57.0,1.9459101490553132,4.174387269895637,0.375,0.12121212121212122,0.3333333333333333,0.045454545454545456,0.8461538461538461,0.7878787878787878,0.3333333333333333,0.045454545454545456,0.7878787878787878,0.12121212121212122,0.09090909090909091
user_022,3.9318256327243257,0.84,0.16,1.0986122886681098,2.0794415416798357,1.791759469228055,72.69666666666666,65.510625,79.83333333333333,55.5,2.96480612946387,2.4820361534993403,0.8477415286338386,0.0,37.0,2.1972245773362196,3.828641396489095,0.3333333333333333,0.12,0.0,0.04,0.975609756097561,0.82,0.0,0.02,0.78,0.14,0.08
user_023,4.060443010546419,0.8421052631578947,0.15789473684210525,1.0986122886681098,2.1972245773362196,2.0794415416798357,70.17864583333333,60.09777777777778,55.729166666666664,51.111111111111114,3.0271107961079258,2.6490351422151743,1.491556008912021,0.0,3.0,1.9459101490553132,3.9512437185814275,0.5,0.14035087719298245,0.0,0.05263157894736842,0.9565217391304348,0.8070175438596491,0.0,0.0,0.7719298245614035,0.14035087719298245,0.08771929824561403
user_024,4.127134385045092,0.7049180327868853,0.29508196721311475,1.6094379124341003,2.3978952727983707,1.6094379124341003,67.39081395348838,75.5986111111111,75.04651162790698,83.38888888888889,3.4632745144499637,2.8489473654421618,0.6955381149147433,0.0,44.0,1.3862943611198906,4.02535169073515,0.21428571428571427,0.22950819672131148,0.3333333333333333,0.04918032786885246,0.9487179487179487,0.639344262295082,0.4,0.08196721311475409,0.7704918032786885,0.11475409836065574,0.11475409836065574
user_025,4.189654742026425,0.7692307692307693,0.23076923076923078,1.6094379124341003,2.4849066497880004,1.6094379124341003,67.3291,75.65966666666667,109.5,113.86666666666666,3.073848581571212,2.846566512515368,0.84211674515183,28.0,54.0,2.1972245773362196,4.02535169073515,0.5714285714285714,0.1076923076923077,0.3333333333333333,0.046153846153846156,0.8269230769230769,0.8,0.6666666666666666,0.046153846153846156,0.676923076923077,0.2153846153846154,0.1076923076923077
user_026,4.330733340286331,0.8,0.2,1.6094379124341003,2.3978952727983707,1.3862943611198906,68.24775000000001,62.049,64.95,82.8,3.2256604163563045,2.7669190106356525,0.747584679824574,0.0,38.0,1.9459101490553132,4.290459441148391,0.4,0.13333333333333333,0.25,0.05333333333333334,0.9310344827586207,0.7733333333333333,0.3333333333333333,0.04,0.7333333333333333,0.09333333333333334,0.17333333333333334
user_027,4.2626798770413155,0.8142857142857143,0.18571428571428572,1.3862943611198906,2.0794415416798357,1.3862943611198906,67.72464912280701,60.30769230769231,96.24561403508773,82.46153846153847,3.0019548408928194,2.48524350861739,0.658369014324396,0.0,55.0,2.0794415416798357,4.0943445622221,0.3333333333333333,0.08571428571428572,0.0,0.05714285714285714,0.9310344827586207,0.8285714285714286,0.5,0.02857142857142857,0.8,0.12857142857142856,0.07142857142857142
user_028,4.04305126783455,0.7678571428571429,0.23214285714285715,1.3862943611198906,2.0794415416798357,1.6094379124341003,72.46604651162791,73.95153846153846,67.34883720930233,86.46153846153847,3.1020748827498483,2.4742964347219902,1.1653512442631766,0.0,17.0,1.791759469228055,3.9318256327243257,0.25,0.14285714285714285,0.5,0.03571428571428571,0.9302325581395349,0.7678571428571429,0.0,0.05357142857142857,0.7142857142857143,0.125,0.16071428571428573
user_029,3.970291913552122,0.8461538461538461,0.15384615384615385,1.6094379124341003,2.1972245773362196,1.6094379124341003,67.14863636363636,69.4375,116.27272727272727,120.375,3.096591825520752,2.6173503715768227,1.381914030644561,33.0,45.0,1.791759469228055,3.8918202981106265,0.2,0.09615384615384616,0.5,0.038461538461538464,0.9761904761904762,0.8076923076923077,0.3333333333333333,0.057692307692307696,0.8461538461538461,0.07692307692307693,0.07692307692307693
user_030,3.9512437185814275,0.7647058823529411,0.23529411764705882,1.0986122886681098,1.9459101490553132,1.791759469228055,74.94897435897434,68.65708333333335,123.12820512820512,112.83333333333333,3.1456313867137773,2.4939537132688208,1.331156621630204,39.0,37.0,2.1972245773362196,3.8918202981106265,0.4,0.19607843137254902,0.0,0.0392156862745098,0.9722222222222222,0.7058823529411765,0.0,0.058823529411764705,0.7450980392156863,0.13725490196078433,0.11764705882352941
user_031,4.127134385045092,0.8524590163934426,0.14754098360655737,1.6094379124341003,2.5649493574615367,2.0794415416798357,68.31625,65.18388888888889,65.5,62.77777777777778,3.3349951472640584,3.091502161934398,1.57770966894083,0.0,16.0,1.3862943611198906,4.07753744390572,0.6666666666666666,0.14754098360655737,0.25,0.06557377049180328,0.9534883720930233,0.7049180327868853,0.8,0.08196721311475409,0.6557377049180327,0.21311475409836064,0.13114754098360656
user_032,4.276666119016055,0.7746478873239436,0.22535211267605634,1.3862943611198906,2.1972245773362196,1.6094379124341003,63.50154545454546,77.323125,61.27272727272727,59.3125,3.155040598089855,2.6193948025664975,1.1482525926506306,0.0,22.0,2.1972245773362196,4.23410650459726,0.3333333333333333,0.1267605633802817,0.25,0.056338028169014086,0.9107142857142857,0.7887323943661971,0.0,0.028169014084507043,0.6197183098591549,0.2535211267605634,0.1267605633802817
user_033,3.828641396489095,0.8666666666666667,0.13333333333333333,1.6094379124341003,2.3978952727983707,1.3862943611198906,60.971666666666664,66.92416666666666,117.97435897435898,148.5,3.0023438461952896,2.71005447789437,1.2387080356287816,49.0,37.0,1.6094379124341003,3.6635616461296463,0.3333333333333333,0.13333333333333333,1.0,0.044444444444444446,0.9714285714285714,0.7777777777777778,0.5,0.044444444444444446,0.6666666666666666,0.17777777777777778,0.15555555555555556
user_034,3.912023005428146,0.7959183673469388,0.20408163265306123,1.0986122886681098,2.0794415416798357,1.6094379124341003,67.74948717948718,67.0565,91.43589743589743,83.3,3.001361818851772,2.4787839648519627,1.350208434233827,8.0,35.0,2.0794415416798357,3.8066624897703196,0.375,0.16326530612244897,0.0,0.04081632653061224,0.972972972972973,0.7551020408163265,0.0,0.04081632653061224,0.673469387755102,0.22448979591836735,0.10204081632653061
user_035,4.219507705176107,0.7761194029850746,0.22388059701492538,1.6094379124341003,2.3978952727983707,1.9459101490553132,71.54576923076924,64.852,59.01923076923077,72.6,3.2329792472060084,2.7172549336832486,1.308221467331129,0.0,10.0,1.6094379124341003,4.174387269895637,0.25,0.1791044776119403,0.25,0.05970149253731343,0.9591836734693877,0.7313432835820896,0.5,0.029850746268656716,0.8208955223880597,0.1044776119402985,0.07462686567164178
user_036,3.871201010907891,0.8936170212765957,0.10638297872340426,1.3862943611198906,2.0794415416798357,1.3862943611198906,71.00345238095237,64.348,123.92857142857143,100.0,2.5838886614056875,2.281433928989759,0.7345299214394703,43.0,36.0,1.6094379124341003,3.7376696182833684,0.6,0.10638297872340426,0.0,0.0,0.3333333333333333,0.06382978723404255,0.9743589743589743,0.8297872340425532,0.7021276595744681,0.2553191489361702,0.0425531914893617
user_037,4.02535169073515,0.8909090909090909,0.10909090909090909,1.3862943611198906,2.0794415416798357,1.9459101490553132,76.71377551020407,57.74000000000001,71.81632653061224,93.66666666666667,2.649503360326981,2.3101092278090243,1.3658727512297968,0.0,21.0,2.0794415416798357,3.912023005428146,0.3333333333333333,0.05454545454545454,0.0,0.03636363636363636,0.75,0.07272727272727272,0.9782608695652174,0.8363636363636363,0.6727272727272727,0.2545454545454545,0.07272727272727272
user_038,3.871201010907891,0.8297872340425532,0.1702127659574468,1.3862943611198906,2.1972245773362196,2.0794415416798357,70.91538461538464,64.95250000000001,84.71794871794872,84.125,2.865732112901667,2.4289896440864105,2.149174914280852,1.0,37.0,2.1972245773362196,3.6888794541139363,0.5,0.0851063829787234,0.4,0.10638297872340426,0.0,0.02127659574468085,0.9459459459459459,0.7872340425531915,0.7659574468085106,0.1702127659574468,0.06382978723404255
user_039,3.9512437185814275,0.8431372549019608,0.1568627450980392,1.3862943611198906,2.0794415416798357,1.791759469228055,75.1260465116279,77.144375,98.04651162790698,87.125,2.6938357321146547,2.313373538476781,1.330898945223651,17.0,42.0,1.791759469228055,3.7612001156935624,0.0,0.058823529411764705,1.0,0.0196078431372549,0.5,0.0784313725490196,0.9302325581395349,0.8431372549019608,0.6078431372549019,0.29411764705882354,0.09803921568627451
user_040,4.07753744390572,0.7241379310344828,0.27586206896551724,1.3862943611198906,2.0794415416798357,1.791759469228055,67.60154761904762,63.65593750000001,65.9047619047619,70.5,3.141139766202021,2.340241997550149,1.7986084232813226,0.0,12.0,1.9459101490553132,4.02535169073515,0.5,0.034482758620689655,0.2857142857142857,0.1206896551724138,0.0,0.1206896551724138,0.9285714285714286,0.7241379310344828,0.7068965517241379,0.20689655172413793,0.08620689655172414
user_041,3.9512437185814275,0.8627450980392157,0.13725490196078433,1.0986122886681098,1.791759469228055,1.6094379124341003,72.13397727272726,59.37714285714286,65.36363636363636,54.714285714285715,2.6867222866865053,2.0896394409206036,0.8514821975402258,0.0,26.0,1.6094379124341003,3.784189633918261,0.0,0.058823529411764705,0.0,0.0392156862745098,0.3333333333333333,0.058823529411764705,1.0,0.8431372549019608,0.7254901960784313,0.23529411764705882,0.0392156862745098
user_042,3.7612001156935624,0.9523809523809523,0.047619047619047616,1.0986122886681098,1.9459101490553132,1.6094379124341003,76.62925,91.38,104.475,93.0,2.261467846558895,2.1644673541808097,0.981687083026442,40.0,32.0,1.791759469228055,3.6635616461296463,0.0,0.0,0.0,0.0,0.6666666666666666,0.07142857142857142,0.9743589743589743,0.9285714285714286,0.6904761904761905,0.21428571428571427,0.09523809523809523
user_043,3.828641396489095,0.8222222222222222,0.17777777777777778,1.3862943611198906,1.9459101490553132,1.9459101490553132,65.63891891891892,70.90625,73.1891891891892,78.125,2.6258350572936795,1.9913269540957157,1.4641571318919586,0.0,33.0,2.0794415416798357,3.6109179126442243,0.5,0.044444444444444446,0.5,0.044444444444444446,0.0,0.1111111111111111,0.9722222222222222,0.8,0.6888888888888889,0.26666666666666666,0.044444444444444446
user_044,4.174387269895637,0.859375,0.140625,1.6094379124341003,2.1972245773362196,1.791759469228055,71.90636363636364,65.52888888888889,81.83636363636364,77.44444444444444,2.8330527167610677,2.295562914912876,0.9904884896803752,0.0,48.0,1.6094379124341003,4.04305126783455,0.2,0.078125,0.25,0.0625,0.6666666666666666,0.046875,0.9807692307692307,0.8125,0.71875,0.234375,0.046875
user_045,4.110873864173311,0.95,0.05,1.6094379124341003,2.0794415416798357,1.791759469228055,72.80491228070176,56.876666666666665,58.526315789473685,32.333333333333336,2.535557000909857,2.319205528517027,1.1066084029134124,0.0,2.0,2.1972245773362196,3.970291913552122,1.0,0.03333333333333333,0.5,0.03333333333333333,0.3333333333333333,0.05,1.0,0.8833333333333333,0.6333333333333333,0.3,0.06666666666666667
user_046,3.8501476017100584,0.8695652173913043,0.13043478260869565,1.3862943611198906,2.0794415416798357,1.791759469228055,71.771875,77.64999999999999,66.35,86.16666666666667,2.8061413343265427,2.365766567451408,1.2586047620597918,0.0,32.0,1.791759469228055,3.58351893845611,0.5,0.043478260869565216,0.0,0.06521739130434782,0.6,0.10869565217391304,1.0,0.782608695652174,0.6739130434782609,0.2608695652173913,0.06521739130434782
user_047,4.02535169073515,0.8181818181818182,0.18181818181818182,1.3862943611198906,1.9459101490553132,1.3862943611198906,66.59788888888889,59.892999999999994,90.71111111111111,95.3,2.8116325540553233,2.1266340020869334,1.0462142562183354,14.0,43.0,2.1972245773362196,3.871201010907891,0.25,0.07272727272727272,0.0,0.0,0.14285714285714285,0.12727272727272726,0.9772727272727273,0.8,0.7636363636363637,0.14545454545454545,0.09090909090909091
user_048,3.784189633918261,0.9302325581395349,0.06976744186046512,1.0986122886681098,1.791759469228055,1.791759469228055,69.84275,58.22833333333333,98.25,95.0,2.4017518887042284,2.070576763939653,1.2040157730728,17.0,33.0,2.0794415416798357,3.5553480614894135,0.0,0.0,0.0,0.046511627906976744,0.5,0.046511627906976744,1.0,0.9069767441860465,0.5813953488372093,0.27906976744186046,0.13953488372093023
user_049,3.9512437185814275,0.8627450980392157,0.13725490196078433,1.3862943611198906,1.9459101490553132,1.791759469228055,68.1178409090909,64.20571428571428,90.54545454545455,97.28571428571429,2.4866152816614258,2.1331217617161014,1.1562892418393016,14.0,40.0,1.6094379124341003,3.713572066704308,0.0,0.0196078431372549,0.3333333333333333,0.058823529411764705,0.3333333333333333,0.058823529411764705,0.9545454545454546,0.8627450980392157,0.5686274509803921,0.29411764705882354,0.13725490196078433
user_050,4.0943445622221,0.8135593220338984,0.1864406779661017,1.6094379124341003,2.3978952727983707,1.9459101490553132,68.33385416666667,73.32954545454545,126.54166666666667,127.27272727272727,3.0450810094504837,2.626829963944621,1.301065103715944,35.0,51.0,1.9459101490553132,3.912023005428146,0.5,0.1016949152542373,0.75,0.06779661016949153,0.375,0.13559322033898305,0.9512195121951219,0.6949152542372882,0.6440677966101694,0.23728813559322035,0.11864406779661017
user_051,3.8501476017100584,0.8695652173913043,0.13043478260869565,1.3862943611198906,2.4849066497880004,1.6094379124341003,72.390125,72.53333333333333,128.05,110.33333333333333,3.0861330698214102,2.737757063270506,0.8287124922704873,42.0,44.0,1.791759469228055,3.8066624897703196,0.0,0.021739130434782608,0.5,0.13043478260869565,0.6666666666666666,0.13043478260869565,1.0,0.717391304347826,0.6956521739130435,0.1956521739130435,0.10869565217391304
user_052,3.7376696182833684,0.6829268292682927,0.3170731707317073,1.3862943611198906,1.9459101490553132,1.6094379124341003,72.34214285714286,63.309615384615384,133.17857142857142,120.23076923076923,3.179888284736516,2.3868392966712704,1.3673455209909993,46.0,30.0,1.9459101490553132,3.6888794541139363,0.3333333333333333,0.07317073170731707,0.0,0.04878048780487805,0.25,0.2926829268292683,1.0,0.5853658536585366,0.5609756097560976,0.2926829268292683,0.14634146341463414
user_053,4.248495242049359,0.8840579710144928,0.11594202898550725,1.6094379124341003,2.3978952727983707,1.3862943611198906,74.42360655737704,58.321250000000006,54.73770491803279,66.75,2.951856956039715,2.5363902875827256,0.908083119686079,0.0,18.0,1.791759469228055,4.127134385045092,1.0,0.014492753623188406,0.5,0.057971014492753624,0.4,0.14492753623188406,1.0,0.782608695652174,0.6811594202898551,0.2318840579710145,0.08695652173913043
user_054,4.248495242049359,0.8115942028985508,0.18840579710144928,1.0986122886681098,2.1972245773362196,1.9459101490553132,75.4925892857143,69.01192307692307,66.85714285714286,64.07692307692308,2.9182069765437277,2.3270771801665964,1.4120290519802015,0.0,24.0,1.791759469228055,3.9512437185814275,0.0,0.028985507246376812,0.0,0.043478260869565216,0.4,0.14492753623188406,0.9629629629629629,0.782608695652174,0.7391304347826086,0.14492753623188406,0.11594202898550725
user_055,4.110873864173311,0.8666666666666667,0.13333333333333333,1.6094379124341003,2.0794415416798357,1.791759469228055,76.73942307692309,63.04625,63.73076923076923,56.0,2.759210908839453,2.22507295360133,0.6414844098939968,0.0,7.0,2.0794415416798357,3.9318256327243257,0.25,0.06666666666666667,1.0,0.016666666666666666,0.2,0.08333333333333333,0.98,0.8333333333333334,0.6166666666666667,0.3,0.08333333333333333
user_056,3.784189633918261,0.8604651162790697,0.13953488372093023,1.3862943611198906,2.1972245773362196,1.6094379124341003,71.33986486486485,77.01583333333333,87.91891891891892,89.83333333333333,2.9760729771139296,2.415987245729186,1.0403338447636485,15.0,34.0,1.791759469228055,3.6635616461296463,0.0,0.046511627906976744,0.3333333333333333,0.06976744186046512,0.6,0.11627906976744186,1.0,0.7674418604651163,0.7209302325581395,0.20930232558139536,0.06976744186046512
user_057,3.784189633918261,0.9069767441860465,0.09302325581395349,1.3862943611198906,1.9459101490553132,1.9459101490553132,73.07858974358975,70.66499999999999,111.28205128205128,102.0,2.4952874323298415,2.1740671181926534,1.5808869578838176,38.0,27.0,1.9459101490553132,3.6375861597263857,0.0,0.023255813953488372,0.5,0.046511627906976744,0.5,0.046511627906976744,0.9736842105263158,0.8837209302325582,0.7441860465116279,0.11627906976744186,0.13953488372093023
user_058,3.970291913552122,0.8653846153846154,0.1346153846153846,1.6094379124341003,2.0794415416798357,1.791759469228055,76.6088888888889,67.585,83.15555555555555,74.0,2.860785699677834,2.2549195638832438,1.4691772219715145,1.0,47.0,1.3862943611198906,3.8501476017100584,0.5,0.038461538461538464,0.25,0.07692307692307693,0.25,0.07692307692307693,1.0,0.8076923076923077,0.6346153846153846,0.23076923076923078,0.1346153846153846
user_059,4.1588830833596715,0.8253968253968254,0.1746031746031746,1.3862943611198906,1.9459101490553132,1.6094379124341003,71.74778846153846,70.38818181818182,58.25,69.18181818181819,2.691454734166014,2.1360658070174483,0.7246122218089349,0.0,19.0,2.0794415416798357,4.02535169073515,0.0,0.047619047619047616,0.2,0.07936507936507936,0.5,0.031746031746031744,0.9433962264150944,0.8412698412698413,0.6666666666666666,0.1746031746031746,0.15873015873015872
user_060,4.110873864173311,0.8166666666666667,0.18333333333333332,1.6094379124341003,2.1972245773362196,1.791759469228055,76.00428571428571,70.885,123.79591836734694,125.63636363636364,2.879959074025355,2.325960938439451,0.6715467579919209,36.0,50.0,2.1972245773362196,4.02535169073515,0.25,0.06666666666666667,0.2,0.08333333333333333,0.6666666666666666,0.05,0.9375,0.8,0.6833333333333333,0.18333333333333332,0.13333333333333333
user_061,3.828641396489095,0.9111111111111111,0.08888888888888889,1.3862943611198906,1.9459101490553132,1.6094379124341003,73.42768292682928,66.06875,104.82926829268293,100.5,2.4784614779597867,2.2168652736300762,1.0047469817198162,35.0,34.0,2.0794415416798357,3.713572066704308,0.0,0.022222222222222223,0.5,0.044444444444444446,0.5,0.044444444444444446,0.975,0.8888888888888888,0.6,0.4,0.0
user_062,4.1588830833596715,0.873015873015873,0.12698412698412698,1.6094379124341003,2.302585092994046,1.6094379124341003,77.41963636363636,64.953125,60.4,74.25,2.831038464041904,2.447200711893421,1.1925070080733609,0.0,27.0,2.1972245773362196,3.912023005428146,0.5,0.06349206349206349,0.6666666666666666,0.047619047619047616,0.2,0.07936507936507936,0.9803921568627451,0.8095238095238095,0.6507936507936508,0.2698412698412698,0.07936507936507936
user_063,4.0943445622221,0.8305084745762712,0.1694915254237288,1.3862943611198906,1.9459101490553132,1.791759469228055,76.26571428571428,67.839,86.34693877551021,78.1,2.858062309883944,2.1910300952722883,1.1933501489130847,2.0,47.0,2.1972245773362196,3.9889840465642745,0.0,0.03389830508474576,0.25,0.06779661016949153,0.2,0.0847457627118644,0.9791666666666666,0.8135593220338984,0.6949152542372882,0.2033898305084746,0.1016949152542373
user_064,4.1588830833596715,0.8412698412698413,0.15873015873015872,1.6094379124341003,2.1972245773362196,1.9459101490553132,73.05811320754717,66.1135,63.9622641509434,59.3,2.8120626973945084,2.412286015344032,1.439253603546385,0.0,2.0,1.9459101490553132,4.007333185232471,0.6666666666666666,0.047619047619047616,0.5,0.06349206349206349,0.2,0.07936507936507936,0.9411764705882353,0.8095238095238095,0.6349206349206349,0.25396825396825395,0.1111111111111111
user_065,4.189654742026425,0.9384615384615385,0.06153846153846154,1.0986122886681098,1.791759469228055,1.9459101490553132,73.46877049180328,76.47125,121.9672131147541,93.5,2.3164583533212766,2.0146043067273687,1.1957686894189687,34.0,51.0,1.3862943611198906,4.04305126783455,0.0,0.0,0.25,0.06153846153846154,0.0,0.015384615384615385,1.0,0.9230769230769231,0.6153846153846154,0.23076923076923078,0.15384615384615385
user_066,3.784189633918261,0.8372093023255814,0.16279069767441862,1.3862943611198906,2.0794415416798357,1.9459101490553132,66.57527777777779,65.06785714285715,70.41666666666667,63.714285714285715,2.7639935473752377,2.384426918808,1.6019167529457012,0.0,14.0,1.3862943611198906,3.6635616461296463,0.9696969696969697,0.7674418604651163,0.25,0.09302325581395349,0.6,0.11627906976744186,0.0,0.023255813953488372,0.5348837209302325,0.0,0.46511627906976744
user_067,4.007333185232471,0.9444444444444444,0.05555555555555555,1.6094379124341003,2.302585092994046,1.791759469228055,65.37794117647059,95.11333333333333,74.52941176470588,49.0,2.5034401702934126,2.404159479839275,1.289980988433562,0.0,30.0,2.0794415416798357,3.7376696182833684,0.9782608695652174,0.8518518518518519,1.0,0.018518518518518517,0.6666666666666666,0.1111111111111111,1.0,0.018518518518518517,0.4444444444444444,0.07407407407407407,0.48148148148148145
user_068,3.828641396489095,0.8666666666666667,0.13333333333333333,1.0986122886681098,2.0794415416798357,1.791759469228055,71.03615384615385,61.27916666666667,123.43589743589743,121.5,2.8219287490557132,2.3208568184943643,1.3143611849108812,38.0,36.0,1.3862943611198906,3.6888794541139363,0.972972972972973,0.8222222222222222,0.0,0.06666666666666667,0.6,0.1111111111111111,0.0,0.0,0.6,0.022222222222222223,0.37777777777777777
user_069,4.007333185232471,0.8148148148148148,0.18518518518518517,1.3862943611198906,2.4849066497880004,1.9459101490553132,64.28113636363638,80.11850000000001,65.22727272727273,78.4,3.130987789724377,2.7547273702728474,1.2666245366636957,0.0,22.0,1.791759469228055,3.7612001156935624,0.9210526315789473,0.7037037037037037,1.0,0.05555555555555555,0.5454545454545454,0.2037037037037037,0.0,0.037037037037037035,0.5,0.018518518518518517,0.48148148148148145
user_070,3.6375861597263857,0.7837837837837838,0.21621621621621623,1.3862943611198906,2.1972245773362196,1.6094379124341003,73.66793103448275,63.45,62.724137931034484,55.125,3.1009124891153417,2.6885806715674594,1.0634318575651136,0.0,7.0,2.1972245773362196,3.5553480614894135,0.9583333333333334,0.6486486486486487,0.5,0.10810810810810811,0.4444444444444444,0.24324324324324326,0.0,0.0,0.5945945945945946,0.0,0.40540540540540543
user_071,3.6888794541139363,0.6666666666666666,0.3333333333333333,1.3862943611198906,2.1972245773362196,1.6094379124341003,71.22134615384616,81.965,104.5,103.0,2.979554762812569,2.5147119710906907,1.0681873374585056,19.0,32.0,1.6094379124341003,3.5263605246161616,0.875,0.6153846153846154,0.0,0.0,0.3333333333333333,0.3076923076923077,0.3333333333333333,0.07692307692307693,0.5641025641025641,0.02564102564102564,0.41025641025641024
user_072,3.6635616461296463,0.868421052631579,0.13157894736842105,1.0986122886681098,2.0794415416798357,1.6094379124341003,68.10242424242425,60.58700000000001,60.42424242424242,92.8,2.6760493755153085,2.3810512280878253,1.2368565286995274,0.0,16.0,1.9459101490553132,3.5553480614894135,0.9666666666666667,0.7894736842105263,0.0,0.02631578947368421,0.5714285714285714,0.18421052631578946,0.0,0.0,0.5526315789473685,0.02631578947368421,0.42105263157894735
user_073,4.007333185232471,0.8148148148148148,0.18518518518518517,1.3862943611198906,2.1972245773362196,1.6094379124341003,66.61136363636365,67.3115,80.5909090909091,68.7,3.05730899947511,2.480493031963112,1.0439817755637224,0.0,48.0,2.0794415416798357,3.871201010907891,0.975,0.7407407407407407,0.0,0.05555555555555555,0.5,0.14814814814814814,0.3333333333333333,0.05555555555555555,0.5740740740740741,0.018518518518518517,0.4074074074074074
user_074,3.912023005428146,0.8775510204081632,0.12244897959183673,1.0986122886681098,2.0794415416798357,1.9459101490553132,65.57720930232558,79.11000000000001,118.74418604651163,137.16666666666666,2.4479699616265997,2.352456980002486,0.8972002307888156,41.0,41.0,1.3862943611198906,3.6635616461296463,0.9069767441860465,0.8775510204081632,0.0,0.0,0.6666666666666666,0.12244897959183673,0.0,0.0,0.6530612244897959,0.04081632653061224,0.30612244897959184
user_075,3.8501476017100584,0.9782608695652174,0.021739130434782608,1.3862943611198906,2.0794415416798357,1.9459101490553132,66.79377777777778,46.655,77.91111111111111,85.0,2.4372598959286673,2.3369665459762547,1.4035246309262106,4.0,34.0,1.3862943611198906,3.713572066704308,1.0,0.8695652173913043,0.0,0.021739130434782608,1.0,0.08695652173913043,1.0,0.021739130434782608,0.5652173913043478,0.06521739130434782,0.3695652173913043
user_076,3.6375861597263857,0.8648648648648649,0.13513513513513514,1.3862943611198906,2.0794415416798357,1.791759469228055,67.45171875,79.429,145.65625,145.2,2.54266865041119,2.347788581147598,1.5078612224162218,59.0,28.0,1.3862943611198906,3.6109179126442243,0.9354838709677419,0.8378378378378378,0.0,0.02702702702702703,0.6666666666666666,0.08108108108108109,0.5,0.05405405405405406,0.5675675675675675,0.05405405405405406,0.3783783783783784
user_077,4.110873864173311,0.8333333333333334,0.16666666666666666,1.3862943611198906,2.1972245773362196,1.791759469228055,62.6784,70.69850000000001,109.9,136.5,3.0261444493561784,2.506003615774631,1.3227715776536317,24.0,47.0,1.791759469228055,3.9889840465642745,0.9772727272727273,0.7333333333333333,0.0,0.016666666666666666,0.6,0.16666666666666666,0.2,0.08333333333333333,0.65,0.016666666666666666,0.3333333333333333
user_078,3.8501476017100584,0.782608695652174,0.21739130434782608,1.3862943611198906,2.1972245773362196,1.791759469228055,61.32249999999999,84.208,100.97222222222223,106.3,2.8273029070125046,2.5482433234533186,0.8482559563869475,30.0,34.0,2.0794415416798357,3.7612001156935624,0.8378378378378378,0.8043478260869565,0.0,0.043478260869565216,0.6,0.10869565217391304,1.0,0.043478260869565216,0.5869565217391305,0.0,0.41304347826086957
user_079,3.7612001156935624,0.7857142857142857,0.21428571428571427,1.3862943611198906,2.0794415416798357,1.9459101490553132,61.94181818181818,78.18888888888888,75.81818181818181,75.77777777777777,2.700096046262947,2.355764353659442,1.5865912220851037,0.0,27.0,2.0794415416798357,3.6635616461296463,0.9090909090909091,0.7857142857142857,0.3333333333333333,0.07142857142857142,0.3333333333333333,0.14285714285714285,0.0,0.0,0.6666666666666666,0.047619047619047616,0.2857142857142857
user_080,4.0943445622221,0.8983050847457628,0.1016949152542373,1.3862943611198906,2.302585092994046,1.9459101490553132,63.846415094339626,58.47083333333334,64.79245283018868,47.833333333333336,2.7472235543202155,2.4943334784684996,1.3340124584217934,0.0,6.0,1.6094379124341003,3.9889840465642745,1.0,0.7966101694915254,0.5,0.06779661016949153,0.5,0.13559322033898305,0.0,0.0,0.559322033898305,0.05084745762711865,0.3898305084745763
user_081,3.6635616461296463,0.8157894736842105,0.18421052631578946,1.0986122886681098,1.791759469228055,1.9459101490553132,72.0941935483871,75.18500000000002,129.48387096774192,132.42857142857142,2.4330233769105973,1.800354226022963,1.2511644549200616,60.0,28.0,1.3862943611198906,3.5263605246161616,0.967741935483871,0.8157894736842105,0.0,0.05263157894736842,0.5,0.05263157894736842,0.0,0.07894736842105263,0.6052631578947368,0.05263157894736842,0.34210526315789475
user_082,3.8918202981106265,0.8125,0.1875,1.3862943611198906,2.302585092994046,1.791759469228055,67.62461538461538,65.37055555555555,87.38461538461539,91.77777777777777,2.979268796269819,2.5100475789256453,1.3143611849108812,1.0,45.0,1.791759469228055,3.828641396489095,0.9714285714285714,0.7291666666666666,0.3333333333333333,0.0625,0.4444444444444444,0.1875,0.0,0.020833333333333332,0.5416666666666666,0.020833333333333332,0.4375
user_083,4.007333185232471,0.7962962962962963,0.2037037037037037,1.3862943611198906,2.0794415416798357,1.9459101490553132,63.29069767441862,67.7159090909091,78.74418604651163,84.63636363636364,2.8586516924997585,2.317714108919777,1.8894967312923525,0.0,45.0,1.791759469228055,3.828641396489095,0.9736842105263158,0.7037037037037037,0.14285714285714285,0.12962962962962962,0.625,0.14814814814814814,0.0,0.018518518518518517,0.5185185185185185,0.05555555555555555,0.42592592592592593
user_084,4.060443010546419,0.8070175438596491,0.19298245614035087,1.3862943611198906,2.302585092994046,1.791759469228055,66.56641304347826,75.14681818181818,75.32608695652173,68.54545454545455,2.9791539158338223,2.5816755091245307,1.2491006287327788,0.0,37.0,1.791759469228055,3.9889840465642745,0.9302325581395349,0.7543859649122807,0.5,0.07017543859649122,0.4,0.17543859649122806,0.0,0.0,0.5263157894736842,0.03508771929824561,0.43859649122807015
user_085,3.9512437185814275,0.8235294117647058,0.17647058823529413,1.3862943611198906,2.302585092994046,1.791759469228055,60.29488095238096,74.69888888888889,73.0952380952381,73.11111111111111,2.9650096550182514,2.5772089162931815,1.1658942083900237,0.0,23.0,1.791759469228055,3.828641396489095,0.9230769230769231,0.7647058823529411,1.0,0.058823529411764705,0.375,0.1568627450980392,0.0,0.0196078431372549,0.6078431372549019,0.0196078431372549,0.37254901960784315
user_086,3.7376696182833684,0.8048780487804879,0.1951219512195122,1.3862943611198906,2.0794415416798357,1.791759469228055,72.53181818181817,64.58,74.60606060606061,73.375,2.8724223604246513,2.3871036808217574,0.9048202460974559,4.0,33.0,2.1972245773362196,3.6375861597263857,0.967741935483871,0.7560975609756098,1.0,0.04878048780487805,0.16666666666666666,0.14634146341463414,0.0,0.04878048780487805,0.3902439024390244,0.024390243902439025,0.5853658536585366
user_087,3.784189633918261,0.7906976744186046,0.20930232558139536,1.3862943611198906,2.302585092994046,1.9459101490553132,63.46014705882353,58.041111111111114,55.55882352941177,32.111111111111114,2.84376553924393,2.69087626903375,1.4507351797284405,0.0,13.0,2.1972245773362196,3.713572066704308,0.9,0.6976744186046512,0.5,0.046511627906976744,0.5454545454545454,0.2558139534883721,0.0,0.0,0.5348837209302325,0.023255813953488372,0.4418604651162791
user_088,3.7612001156935624,0.8809523809523809,0.11904761904761904,1.6094379124341003,2.1972245773362196,1.791759469228055,65.31959459459458,83.352,77.43243243243244,58.0,2.6899375207223906,2.467342233023514,1.3212664162756627,0.0,23.0,2.0794415416798357,3.6375861597263857,0.9411764705882353,0.8095238095238095,1.0,0.023809523809523808,0.5,0.14285714285714285,1.0,0.023809523809523808,0.5714285714285714,0.07142857142857142,0.35714285714285715
user_089,4.060443010546419,0.8421052631578947,0.15789473684210525,1.3862943611198906,2.302585092994046,1.791759469228055,64.26520833333333,65.59833333333333,100.02083333333333,115.88888888888889,2.837534763879747,2.4508863995562593,1.089425553065812,20.0,47.0,1.791759469228055,3.8066624897703196,0.9545454545454546,0.7719298245614035,0.4,0.08771929824561403,0.5,0.14035087719298245,0.0,0.0,0.543859649122807,0.05263157894736842,0.40350877192982454
user_090,3.8501476017100584,0.7608695652173914,0.2391304347826087,1.3862943611198906,2.1972245773362196,1.6094379124341003,66.48628571428571,62.42181818181818,94.51428571428572,104.0909090909091,2.9492219468198053,2.5441285632960042,1.1372485119165283,16.0,37.0,2.0794415416798357,3.7612001156935624,0.9090909090909091,0.717391304347826,1.0,0.021739130434782608,0.36363636363636365,0.2391304347826087,0.0,0.021739130434782608,0.45652173913043476,0.06521739130434782,0.4782608695652174
user_091,4.007333185232471,0.7777777777777778,0.2222222222222222,1.0986122886681098,1.9459101490553132,1.9459101490553132,49.83690476190476,75.89583333333333,68.30952380952381,51.75,2.5025731614516897,2.1502852318027967,1.1907696623304516,0.0,4.0,2.1972245773362196,3.6635616461296463,0.0,0.018518518518518517,0.8478260869565217,0.8518518518518519,0.75,0.07407407407407407,0.0,0.05555555555555555,0.7592592592592593,0.1111111111111111,0.12962962962962962
user_092,3.8501476017100584,0.6521739130434783,0.34782608695652173,1.3862943611198906,1.9459101490553132,1.791759469228055,57.75916666666667,62.99875,58.4,63.9375,3.1043399448582236,2.0676481992840627,1.2136635125593598,0.0,12.0,1.791759469228055,3.58351893845611,0.0,0.06521739130434782,0.9032258064516129,0.6739130434782609,0.2,0.10869565217391304,0.14285714285714285,0.15217391304347827,0.7391304347826086,0.13043478260869565,0.13043478260869565
user_093,3.4965075614664802,0.8125,0.1875,1.0986122886681098,1.9459101490553132,1.791759469228055,59.979615384615386,73.23333333333333,71.5,84.5,2.697169235259032,2.2845649522513463,1.4768421209055118,0.0,30.0,1.791759469228055,3.4011973816621555,0.0,0.03125,0.9230769230769231,0.8125,0.5,0.125,0.0,0.03125,0.65625,0.21875,0.125
user_094,4.02535169073515,0.7272727272727273,0.2727272727272727,1.6094379124341003,2.1972245773362196,1.791759469228055,59.126125,75.70133333333334,50.425,68.66666666666667,2.9169316748683203,2.3457414382698314,1.1635537667834472,0.0,9.0,1.791759469228055,3.5553480614894135,0.3333333333333333,0.05454545454545454,0.8780487804878049,0.7454545454545455,0.5,0.03636363636363636,0.2222222222222222,0.16363636363636364,0.8181818181818182,0.12727272727272726,0.05454545454545454
user_095,3.4339872044851463,0.6,0.4,1.0986122886681098,1.791759469228055,1.6094379124341003,51.20722222222222,73.10291666666667,87.0,89.83333333333333,2.985265912550367,2.057924310831006,1.0975378398419535,25.0,23.0,1.9459101490553132,3.2188758248682006,0.0,0.1,0.8095238095238095,0.7,1.0,0.03333333333333333,0.0,0.16666666666666666,0.7666666666666667,0.16666666666666666,0.06666666666666667
user_096,3.7376696182833684,0.6341463414634146,0.36585365853658536,1.3862943611198906,2.0794415416798357,2.0794415416798357,52.84903846153847,80.186,112.23076923076923,132.0,3.136252057943349,2.377223256836937,1.931208948910323,47.0,35.0,1.6094379124341003,3.5263605246161616,0.3333333333333333,0.07317073170731707,0.8214285714285714,0.6829268292682927,0.2222222222222222,0.21951219512195122,0.0,0.024390243902439025,0.6097560975609756,0.24390243902439024,0.14634146341463414
user_097,3.5263605246161616,0.8181818181818182,0.18181818181818182,1.3862943611198906,1.9459101490553132,1.3862943611198906,53.504629629629626,81.02416666666666,97.4074074074074,79.83333333333333,2.676061455163874,2.2902453746084936,0.6052912052261445,8.0,28.0,1.9459101490553132,3.295836866004329,0.0,0.0,0.9230769230769231,0.7878787878787878,0.5,0.06060606060606061,0.4,0.15151515151515152,0.7878787878787878,0.18181818181818182,0.030303030303030304
user_098,3.58351893845611,0.5428571428571428,0.45714285714285713,0.6931471805599453,1.6094379124341003,1.3862943611198906,54.550000000000004,76.09281250000001,85.10526315789474,81.3125,3.2220005168831523,1.8474201200521745,0.9132829641650988,4.0,31.0,1.3862943611198906,3.258096538021482,0.0,0.05714285714285714,0.8636363636363636,0.6285714285714286,0.0,0.14285714285714285,0.0,0.17142857142857143,0.8285714285714286,0.05714285714285714,0.11428571428571428
user_099,3.58351893845611,0.6571428571428571,0.34285714285714286,1.3862943611198906,2.0794415416798357,1.791759469228055,54.828478260869566,69.09583333333333,97.30434782608695,103.75,3.122459275301323,2.3136088506956893,1.4800836951874476,25.0,30.0,2.0794415416798357,3.4965075614664802,0.5,0.11428571428571428,0.8636363636363636,0.6285714285714286,0.6666666666666666,0.08571428571428572,0.0,0.17142857142857143,0.8285714285714286,0.08571428571428572,0.08571428571428572
user_100,3.828641396489095,0.7111111111111111,0.28888888888888886,1.6094379124341003,2.302585092994046,1.791759469228055,50.9484375,80.78653846153846,69.5,55.53846153846154,3.089339008808459,2.2936450333085068,1.0558927290103626,0.0,28.0,1.6094379124341003,3.6375861597263857,0.5,0.13333333333333333,0.9642857142857143,0.6222222222222222,0.14285714285714285,0.15555555555555556,0.25,0.08888888888888889,0.7777777777777778,0.1111111111111111,0.1111111111111111
user_101,3.9512437185814275,0.6862745098039216,0.3137254901960784,1.3862943611198906,2.302585092994046,1.791759469228055,54.11599999999999,71.670625,97.65714285714286,111.25,3.144727118770648,2.4658797063821063,1.294670654897298,20.0,43.0,2.1972245773362196,3.6635616461296463,0.0,0.058823529411764705,0.8571428571428571,0.6862745098039216,0.4,0.09803921568627451,0.375,0.1568627450980392,0.7254901960784313,0.19607843137254902,0.0784313725490196
user_102,3.4339872044851463,0.7333333333333333,0.26666666666666666,1.3862943611198906,1.9459101490553132,1.791759469228055,61.756136363636365,66.32187499999999,96.0,102.25,3.0980685120588385,2.317640005966218,1.0476747992754052,24.0,24.0,1.3862943611198906,3.2188758248682006,0.4,0.16666666666666666,0.9047619047619048,0.7,0.0,0.06666666666666667,0.5,0.06666666666666667,0.8,0.16666666666666666,0.03333333333333333
user_103,3.713572066704308,0.5,0.5,1.3862943611198906,1.9459101490553132,1.791759469228055,56.97849999999998,75.0775,105.8,130.35,3.044588496642341,2.2709505944546686,1.578897902987479,35.0,30.0,2.0794415416798357,3.5553480614894135,0.3333333333333333,0.075,0.6923076923076923,0.65,0.0,0.125,0.16666666666666666,0.15,0.725,0.075,0.2
user_104,3.9318256327243257,0.6,0.4,1.6094379124341003,2.302585092994046,1.791759469228055,53.0295,78.69574999999999,109.8,113.75,3.4394580000808883,2.675075483501529,1.3448111585357185,43.0,42.0,2.1972245773362196,3.7376696182833684,0.16666666666666666,0.12,0.8620689655172413,0.58,0.25,0.24,0.3333333333333333,0.06,0.62,0.26,0.12
user_105,3.8066624897703196,0.7727272727272727,0.22727272727272727,1.3862943611198906,2.0794415416798357,1.9459101490553132,57.76573529411765,82.32750000000001,106.70588235294117,104.0,2.903519805874185,2.386513020021302,1.316538350907151,26.0,31.0,1.9459101490553132,3.5263605246161616,1.0,0.022727272727272728,0.9117647058823529,0.7727272727272727,0.0,0.045454545454545456,0.2857142857142857,0.1590909090909091,0.6818181818181818,0.18181818181818182,0.13636363636363635
user_106,3.8918202981106265,0.7916666666666666,0.20833333333333334,1.6094379124341003,2.302585092994046,1.6094379124341003,57.6,70.264,78.73684210526316,69.1,2.9165944994491215,2.5002240832124185,1.0384115826430849,0.0,30.0,1.791759469228055,3.7376696182833684,0.6666666666666666,0.0625,0.9428571428571428,0.7291666666666666,0.4,0.10416666666666667,0.2,0.10416666666666667,0.7916666666666666,0.14583333333333334,0.0625
user_107,3.58351893845611,0.7142857142857143,0.2857142857142857,1.0986122886681098,1.791759469228055,2.0794415416798357,57.518600000000006,74.1775,88.24,97.9,2.703208463138016,2.207351814444994,1.4154312795575998,21.0,25.0,1.791759469228055,3.295836866004329,0.0,0.02857142857142857,0.8518518518518519,0.7714285714285715,0.0,0.02857142857142857,0.3333333333333333,0.17142857142857143,0.7142857142857143,0.2571428571428571,0.02857142857142857
user_108,3.713572066704308,0.725,0.275,1.6094379124341003,2.1972245773362196,1.3862943611198906,54.02724137931033,72.88818181818182,85.3103448275862,77.72727272727273,2.5139337210173207,2.1609810155218967,0.7876672014273048,0.0,33.0,1.791759469228055,3.4011973816621555,1.0,0.05,0.78125,0.8,0.25,0.1,0.5,0.05,0.675,0.15,0.175
user_109,3.912023005428146,0.7551020408163265,0.24489795918367346,1.3862943611198906,2.0794415416798357,1.791759469228055,51.43770270270271,83.30458333333333,83.5945945945946,89.75,2.9556776244715803,2.2958762367947685,1.4101030778379047,10.0,46.0,2.0794415416798357,3.5553480614894135,0.25,0.08163265306122448,0.918918918918919,0.7551020408163265,0.5,0.08163265306122448,0.0,0.08163265306122448,0.7755102040816326,0.16326530612244897,0.061224489795918366
user_110,3.7376696182833684,0.5609756097560976,0.43902439024390244,1.0986122886681098,1.791759469228055,1.791759469228055,59.08326086956522,73.06777777777779,91.30434782608695,92.61111111111111,2.9589045096580424,2.0357671321929423,1.44726249944121,17.0,34.0,1.3862943611198906,3.4657359027997265,0.2,0.12195121951219512,0.7586206896551724,0.7073170731707317,0.0,0.07317073170731707,0.0,0.0975609756097561,0.8048780487804879,0.12195121951219512,0.07317073170731707
user_111,3.9512437185814275,0.6862745098039216,0.3137254901960784,1.3862943611198906,1.9459101490553132,1.9459101490553132,50.362428571428566,67.16593750000001,73.54285714285714,62.5625,3.1012262395276915,2.2223020947529304,1.1691133650131689,0.0,9.0,1.9459101490553132,3.7376696182833684,0.2,0.09803921568627451,0.8918918918918919,0.7254901960784313,0.25,0.0784313725490196,0.0,0.09803921568627451,0.803921568627451,0.11764705882352941,0.0784313725490196
user_112,3.8918202981106265,0.6458333333333334,0.3541666666666667,1.3862943611198906,2.0794415416798357,1.9459101490553132,55.805806451612895,73.85558823529412,123.64516129032258,125.58823529411765,3.0169576708897874,2.3198934626627756,1.8101475924000496,47.0,38.0,1.9459101490553132,3.7376696182833684,0.3333333333333333,0.125,0.8484848484848485,0.6875,0.5,0.041666666666666664,0.0,0.14583333333333334,0.6875,0.1875,0.125
user_113,3.9889840465642745,0.660377358490566,0.33962264150943394,1.6094379124341003,2.1972245773362196,1.9459101490553132,61.90828571428571,72.53611111111111,99.62857142857143,115.77777777777777,3.030302760667871,2.475492467564375,1.3658199404879572,29.0,44.0,1.3862943611198906,3.58351893845611,0.3333333333333333,0.11320754716981132,0.8333333333333334,0.6792452830188679,0.6666666666666666,0.05660377358490566,0.125,0.1509433962264151,0.6981132075471698,0.20754716981132076,0.09433962264150944
user_114,3.5553480614894135,0.7352941176470589,0.2647058823529412,1.0986122886681098,1.791759469228055,1.6094379124341003,50.2226,64.75444444444445,85.6,55.22222222222222,2.7222194359088525,1.8906993328423072,1.2415101887362598,9.0,29.0,2.1972245773362196,3.295836866004329,0.0,0.08823529411764706,0.96,0.7352941176470589,0.0,0.029411764705882353,0.2,0.14705882352941177,0.7058823529411765,0.17647058823529413,0.11764705882352941
user_115,3.9889840465642745,0.6226415094339622,0.37735849056603776,1.0986122886681098,1.791759469228055,1.791759469228055,56.373030303030305,73.70625000000001,57.84848484848485,71.3,3.0141811089815453,2.094144227349628,1.0985931293078959,0.0,20.0,1.791759469228055,3.4339872044851463,0.0,0.03773584905660377,0.8205128205128205,0.7358490566037735,0.0,0.07547169811320754,0.125,0.1509433962264151,0.7358490566037735,0.20754716981132076,0.05660377358490566
user_116,3.828641396489095,0.8222222222222222,0.17777777777777778,1.0986122886681098,1.791759469228055,1.6094379124341003,58.2972972972973,71.17875000000001,67.62162162162163,87.375,2.523901711944398,1.8835028332223585,1.0571199504704887,0.0,34.0,2.0794415416798357,3.295836866004329,0.0,0.06666666666666667,0.9473684210526315,0.8444444444444444,0.0,0.044444444444444446,0.5,0.044444444444444446,0.5777777777777777,0.3111111111111111,0.1111111111111111
user_117,3.713572066704308,0.65,0.35,1.3862943611198906,1.9459101490553132,1.9459101490553132,56.45903846153846,68.43535714285714,117.92307692307692,120.57142857142857,2.8318625242212385,2.1168565149190144,2.1416195253341384,49.0,34.0,2.1972245773362196,3.5553480614894135,0.0,0.1,0.8571428571428571,0.7,0.3333333333333333,0.075,0.2,0.125,0.675,0.225,0.1
user_118,4.007333185232471,0.5925925925925926,0.4074074074074074,1.6094379124341003,2.1972245773362196,2.0794415416798357,54.616093750000005,71.57704545454543,60.40625,56.36363636363637,3.058160981076962,2.4453560636920493,1.5375996096414135,0.0,7.0,1.6094379124341003,3.7612001156935624,0.25,0.07407407407407407,0.7368421052631579,0.7037037037037037,0.125,0.14814814814814814,0.5,0.07407407407407407,0.7592592592592593,0.14814814814814814,0.09259259259259259
user_119,4.007333185232471,0.7037037037037037,0.2962962962962963,1.6094379124341003,2.0794415416798357,1.9459101490553132,50.71973684210527,68.2284375,64.13157894736842,55.1875,2.9884770819349766,2.351132775690546,1.277363069793596,0.0,19.0,1.6094379124341003,3.6888794541139363,0.5,0.037037037037037035,0.85,0.7407407407407407,0.2857142857142857,0.12962962962962962,0.2,0.09259259259259259,0.7407407407407407,0.14814814814814814,0.1111111111111111
user_120,3.7376696182833684,0.6585365853658537,0.34146341463414637,0.6931471805599453,1.6094379124341003,1.3862943611198906,49.12444444444444,59.990714285714276,68.81481481481481,67.42857142857143,2.751195813447409,1.8080903610769055,0.6052912052261445,0.0,19.0,2.1972245773362196,3.4339872044851463,0.0,0.0975609756097561,0.84375,0.7804878048780488,0.0,0.04878048780487805,0.0,0.07317073170731707,0.7560975609756098,0.17073170731707318,0.07317073170731707
user_121,4.356708826689592,0.3116883116883117,0.6883116883116883,1.6094379124341003,2.6390573296152584,1.6094379124341003,55.77354166666667,70.31216981132077,62.333333333333336,66.79245283018868,3.8150440939220207,3.522055208874201,1.0553532192449844,0.0,11.0,1.791759469228055,4.248495242049359,0.3333333333333333,0.35064935064935066,0.46153846153846156,0.16883116883116883,0.2916666666666667,0.3116883116883117,0.15384615384615385,0.16883116883116883,0.8571428571428571,0.07792207792207792,0.06493506493506493
user_122,4.31748811353631,0.40540540540540543,0.5945945945945946,1.6094379124341003,2.772588722239781,1.6094379124341003,57.99783333333333,69.32886363636364,98.23333333333333,97.11363636363636,3.9658144345566746,3.698068512058839,1.0518384134835814,4.0,59.0,1.3862943611198906,4.2626798770413155,0.3333333333333333,0.28378378378378377,0.26666666666666666,0.20270270270270271,0.5652173913043478,0.3108108108108108,0.4,0.20270270270270271,0.8648648648648649,0.04054054054054054,0.0945945945945946
user_123,4.127134385045092,0.26229508196721313,0.7377049180327869,1.6094379124341003,2.4849066497880004,1.0986122886681098,59.933125000000004,70.43811111111111,48.4375,67.17777777777778,3.8566470769887644,3.375,0.3372900666170139,0.0,22.0,1.6094379124341003,4.0943445622221,0.5555555555555556,0.14754098360655737,0.2,0.2459016393442623,0.16666666666666666,0.39344262295081966,0.3076923076923077,0.21311475409836064,0.7540983606557377,0.09836065573770492,0.14754098360655737
user_124,3.970291913552122,0.2692307692307692,0.7307692307692307,1.6094379124341003,2.302585092994046,1.6094379124341003,65.88071428571428,67.84802631578945,66.85714285714286,74.34210526315789,3.84888827703544,3.039148671903071,1.2916919971380596,0.0,20.0,2.0794415416798357,3.912023005428146,0.25,0.23076923076923078,0.07142857142857142,0.2692307692307692,0.3333333333333333,0.34615384615384615,0.5,0.15384615384615385,0.7307692307692307,0.19230769230769232,0.07692307692307693
user_125,4.219507705176107,0.2835820895522388,0.7164179104477612,1.6094379124341003,2.6390573296152584,1.6094379124341003,49.878157894736844,62.45197916666666,106.94736842105263,109.70833333333333,3.8293058492194465,3.5110854081804264,0.8795064608120066,32.0,50.0,2.0794415416798357,4.07753744390572,0.35714285714285715,0.208955223880597,0.25,0.23880597014925373,0.18181818181818182,0.3283582089552239,0.4,0.22388059701492538,0.7611940298507462,0.1044776119402985,0.13432835820895522
user_126,4.110873864173311,0.3,0.7,1.6094379124341003,2.3978952727983707,1.6094379124341003,50.01861111111111,72.41369047619048,105.5,102.28571428571429,3.7417851315596145,3.197159723424149,1.3355055565170972,18.0,44.0,1.9459101490553132,3.9512437185814275,0.3333333333333333,0.25,0.2222222222222222,0.15,0.32142857142857145,0.4666666666666667,0.25,0.13333333333333333,0.8166666666666667,0.1,0.08333333333333333
user_127,4.2626798770413155,0.2857142857142857,0.7142857142857143,1.6094379124341003,2.70805020110221,1.6094379124341003,59.40225,72.521,73.35,69.16,3.9364265042825726,3.721928094887362,1.319035274338866,0.0,30.0,1.791759469228055,4.0943445622221,0.3,0.2857142857142857,0.42857142857142855,0.2,0.21739130434782608,0.32857142857142857,0.23076923076923078,0.18571428571428572,0.8428571428571429,0.11428571428571428,0.04285714285714286
user_128,3.9889840465642745,0.3018867924528302,0.6981132075471698,1.3862943611198906,2.4849066497880004,1.0986122886681098,65.0846875,67.06351351351351,83.0,67.37837837837837,3.8197048336241943,3.375,0.3372900666170139,0.0,38.0,1.791759469228055,3.9512437185814275,0.3076923076923077,0.24528301886792453,0.38461538461538464,0.24528301886792453,0.35,0.37735849056603776,0.0,0.1320754716981132,0.8490566037735849,0.07547169811320754,0.07547169811320754
user_129,4.1588830833596715,0.25396825396825395,0.746031746031746,1.3862943611198906,2.0794415416798357,1.3862943611198906,58.9765625,66.26510638297871,116.9375,109.23404255319149,3.7173149005642783,2.702819531114783,0.6685644431995964,25.0,47.0,2.0794415416798357,4.07753744390572,0.1875,0.25396825396825395,0.4166666666666667,0.19047619047619047,0.2962962962962963,0.42857142857142855,0.0,0.12698412698412698,0.8095238095238095,0.12698412698412698,0.06349206349206349
user_130,4.219507705176107,0.34328358208955223,0.6567164179104478,1.6094379124341003,2.4849066497880004,1.6094379124341003,50.38152173913044,74.19000000000001,119.3913043478261,122.06818181818181,3.751647588940393,3.1145892622932436,0.9274479232123118,31.0,52.0,1.9459101490553132,4.04305126783455,0.1111111111111111,0.13432835820895522,0.625,0.23880597014925373,0.3076923076923077,0.3880597014925373,0.25,0.23880597014925373,0.8059701492537313,0.07462686567164178,0.11940298507462686
user_131,4.330733340286331,0.3333333333333333,0.6666666666666666,1.6094379124341003,2.3978952727983707,1.6094379124341003,61.80820000000001,72.3051,53.84,62.92,3.9113991921915563,3.1288840705376355,0.7195563653739032,0.0,16.0,2.1972245773362196,4.290459441148391,0.3125,0.21333333333333335,0.4,0.2,0.4782608695652174,0.30666666666666664,0.14285714285714285,0.28,0.8133333333333334,0.08,0.10666666666666667
user_132,4.07753744390572,0.3448275862068966,0.6551724137931034,1.6094379124341003,2.6390573296152584,1.3862943611198906,57.99050000000001,74.2313157894737,93.35,82.47368421052632,3.8493000733341596,3.584183719779189,0.747584679824574,0.0,52.0,2.1972245773362196,4.02535169073515,0.45454545454545453,0.1896551724137931,0.4444444444444444,0.15517241379310345,0.25,0.3448275862068966,0.3333333333333333,0.3103448275862069,0.8448275862068966,0.05172413793103448,0.10344827586206896
user_133,4.454347296253507,0.3058823529411765,0.6941176470588235,1.6094379124341003,2.5649493574615367,1.9459101490553132,63.39538461538462,74.10084745762713,61.5,58.52542372881356,3.945343652569366,3.397581911182353,1.8789687013606597,0.0,17.0,2.0794415416798357,4.330733340286331,0.15789473684210525,0.2235294117647059,0.46153846153846156,0.15294117647058825,0.35294117647058826,0.4,0.2631578947368421,0.2235294117647059,0.7529411764705882,0.11764705882352941,0.12941176470588237
user_134,4.430816798843313,0.3253012048192771,0.6746987951807228,1.6094379124341003,2.5649493574615367,1.0986122886681098,60.852222222222224,79.37678571428572,83.07407407407408,86.08928571428571,3.9215915107309427,3.291562502003212,0.6051865766334206,0.0,54.0,1.9459101490553132,4.248495242049359,0.4,0.18072289156626506,0.3333333333333333,0.18072289156626506,0.36666666666666664,0.3614457831325301,0.21739130434782608,0.27710843373493976,0.8313253012048193,0.07228915662650602,0.0963855421686747
user_135,4.343805421853684,0.34210526315789475,0.6578947368421053,1.6094379124341003,2.5649493574615367,1.6094379124341003,59.14884615384615,67.066,78.38461538461539,72.6,3.854212509839141,3.397581911182353,0.8501514254479945,0.0,9.0,1.6094379124341003,4.248495242049359,0.35714285714285715,0.18421052631578946,0.2857142857142857,0.27631578947368424,0.39285714285714285,0.3684210526315789,0.3076923076923077,0.17105263157894737,0.8289473684210527,0.07894736842105263,0.09210526315789473
user_136,4.2626798770413155,0.21428571428571427,0.7857142857142857,1.3862943611198906,2.0794415416798357,0.6931471805599453,53.04366666666668,71.87472727272727,91.26666666666667,109.63636363636364,3.770244674843415,2.599581230646064,-0.0,8.0,56.0,1.9459101490553132,4.0943445622221,0.2222222222222222,0.12857142857142856,0.2777777777777778,0.2571428571428571,0.2857142857142857,0.4,0.0,0.21428571428571427,0.8142857142857143,0.05714285714285714,0.12857142857142856
user_137,4.204692619390966,0.3484848484848485,0.6515151515151515,1.6094379124341003,2.6390573296152584,1.3862943611198906,62.73739130434782,70.08697674418605,107.3913043478261,108.32558139534883,3.6616938786462137,3.5013978254341027,0.6784070909375675,21.0,55.0,1.791759469228055,4.110873864173311,0.375,0.36363636363636365,0.23076923076923078,0.19696969696969696,0.3684210526315789,0.2878787878787879,0.4,0.15151515151515152,0.7272727272727273,0.13636363636363635,0.13636363636363635
user_138,4.442651256490317,0.36904761904761907,0.6309523809523809,1.6094379124341003,2.6390573296152584,1.791759469228055,60.08370967741935,66.64952830188679,72.48387096774194,79.05660377358491,3.7761888599823488,3.514545004480724,1.4023416132894384,0.0,56.0,1.3862943611198906,4.330733340286331,0.5,0.2619047619047619,0.23076923076923078,0.15476190476190477,0.3888888888888889,0.42857142857142855,0.23076923076923078,0.15476190476190477,0.7738095238095238,0.10714285714285714,0.11904761904761904
user_139,4.330733340286331,0.21333333333333335,0.7866666666666666,1.6094379124341003,2.3978952727983707,1.791759469228055,46.877187500000005,65.97974576271187,70.375,90.27118644067797,3.848129412679855,3.25,1.6737949406953985,0.0,55.0,1.9459101490553132,4.174387269895637,0.20833333333333334,0.32,0.2222222222222222,0.24,0.2,0.2,0.2222222222222222,0.24,0.7866666666666666,0.08,0.13333333333333333
user_140,4.276666119016055,0.29577464788732394,0.704225352112676,1.6094379124341003,2.70805020110221,1.3862943611198906,63.53071428571428,68.5579,122.52380952380952,110.74,3.9803206279645647,3.6897037321995465,0.7228578977329688,26.0,59.0,1.791759469228055,4.248495242049359,0.3125,0.22535211267605634,0.35294117647058826,0.23943661971830985,0.20833333333333334,0.3380281690140845,0.35714285714285715,0.19718309859154928,0.8450704225352113,0.09859154929577464,0.056338028169014086
user_141,4.1588830833596715,0.30158730158730157,0.6984126984126984,1.6094379124341003,2.6390573296152584,1.3862943611198906,63.25447368421053,67.59750000000001,59.473684210526315,54.61363636363637,3.9015949080950225,3.576617644908665,0.7742433029172697,0.0,9.0,2.0794415416798357,4.127134385045092,0.2857142857142857,0.3333333333333333,0.14285714285714285,0.2222222222222222,0.42857142857142855,0.3333333333333333,0.2857142857142857,0.1111111111111111,0.8253968253968254,0.09523809523809523,0.07936507936507936
user_142,4.174387269895637,0.296875,0.703125,1.6094379124341003,2.6390573296152584,1.6094379124341003,60.60105263157894,70.14611111111113,61.1578947368421,65.2,3.891126767019874,3.6163485660751635,1.058277043226334,0.0,21.0,1.9459101490553132,4.07753744390572,0.1875,0.25,0.5,0.15625,0.2916666666666667,0.375,0.2857142857142857,0.21875,0.8125,0.125,0.0625
user_143,3.9318256327243257,0.28,0.72,1.6094379124341003,2.4849066497880004,1.6094379124341003,57.0092857142857,70.95722222222223,77.85714285714286,65.97222222222223,3.7786885704510973,3.378783493486176,1.4838317068446891,0.0,0.0,1.6094379124341003,3.8918202981106265,0.17647058823529413,0.34,0.75,0.16,0.21428571428571427,0.28,0.18181818181818182,0.22,0.74,0.14,0.12
user_144,4.143134726391533,0.27419354838709675,0.7258064516129032,1.6094379124341003,2.3978952727983707,1.6094379124341003,60.37264705882352,71.66644444444445,107.94117647058823,96.77777777777777,3.839783666357829,3.1307179879273743,1.2772018112022603,15.0,51.0,1.3862943611198906,4.07753744390572,0.18181818181818182,0.1774193548387097,0.07142857142857142,0.22580645161290322,0.4444444444444444,0.43548387096774194,0.2,0.16129032258064516,0.7419354838709677,0.12903225806451613,0.12903225806451613
user_145,4.454347296253507,0.23529411764705882,0.7647058823529411,1.6094379124341003,2.833213344056216,1.6094379124341003,64.60225,69.75415384615384,94.65,84.06153846153846,3.8969944221214923,3.9219280948873627,0.8475846798245739,0.0,60.0,1.791759469228055,4.3694478524670215,0.14705882352941177,0.4,0.2777777777777778,0.21176470588235294,0.4,0.17647058823529413,0.2222222222222222,0.21176470588235294,0.7058823529411765,0.08235294117647059,0.21176470588235294
user_146,3.970291913552122,0.19230769230769232,0.8076923076923077,1.0986122886681098,1.9459101490553132,1.3862943611198906,48.972500000000004,65.31380952380951,130.1,123.66666666666667,3.774382450479147,2.1609640474436813,1.295461844238322,33.0,43.0,1.6094379124341003,3.871201010907891,0.0,0.21153846153846154,0.4375,0.3076923076923077,0.16666666666666666,0.34615384615384615,0.0,0.1346153846153846,0.9038461538461539,0.057692307692307696,0.038461538461538464
user_147,4.248495242049359,0.36231884057971014,0.6376811594202898,1.6094379124341003,2.5649493574615367,1.6094379124341003,67.4858,62.94500000000002,81.84,88.13636363636364,3.8144093349544193,3.413660689688185,0.7195563653739032,0.0,44.0,1.6094379124341003,4.219507705176107,0.35294117647058826,0.2463768115942029,0.3333333333333333,0.17391304347826086,0.36,0.36231884057971014,0.4,0.21739130434782608,0.8405797101449275,0.08695652173913043,0.07246376811594203
user_148,4.23410650459726,0.3235294117647059,0.6764705882352942,1.6094379124341003,2.5649493574615367,1.0986122886681098,59.13681818181818,70.89554347826088,66.68181818181819,70.73913043478261,3.8855557164118286,3.3564924137968237,0.4394969869215134,0.0,33.0,2.1972245773362196,4.1588830833596715,0.25,0.29411764705882354,0.4666666666666667,0.22058823529411764,0.36363636363636365,0.3235294117647059,0.18181818181818182,0.16176470588235295,0.7352941176470589,0.1323529411764706,0.1323529411764706
user_149,4.07753744390572,0.29310344827586204,0.7068965517241379,1.6094379124341003,2.4849066497880004,1.3862943611198906,58.6679411764706,64.74634146341464,67.52941176470588,79.8048780487805,3.9351699007711622,3.3371753411230767,1.2210477851797181,0.0,45.0,1.6094379124341003,3.9512437185814275,0.35294117647058826,0.29310344827586204,0.3076923076923077,0.22413793103448276,0.1875,0.27586206896551724,0.3333333333333333,0.20689655172413793,0.8620689655172413,0.034482758620689655,0.10344827586206896
user_150,3.9318256327243257,0.3,0.7,1.3862943611198906,2.302585092994046,1.6094379124341003,61.50300000000001,73.57114285714283,45.53333333333333,56.857142857142854,3.930881379939833,3.006238928653389,1.2366407419411674,0.0,0.0,1.6094379124341003,3.912023005428146,0.46153846153846156,0.26,0.3076923076923077,0.26,0.35714285714285715,0.28,0.0,0.2,0.8,0.06,0.14
user_151,3.828641396489095,0.4888888888888889,0.5111111111111111,1.6094379124341003,2.5649493574615367,1.3862943611198906,59.53931818181818,64.32347826086956,57.18181818181818,59.30434782608695,3.5463225402933483,3.425118550357139,0.6998578570269279,0.0,0.0,1.6094379124341003,3.8066624897703196,0.47058823529411764,0.37777777777777777,0.3333333333333333,0.06666666666666667,0.5294117647058824,0.37777777777777777,0.5,0.17777777777777778,0.4666666666666667,0.044444444444444446,0.4888888888888889
user_152,3.6888794541139363,0.5384615384615384,0.46153846153846156,1.3862943611198906,2.3978952727983707,1.6094379124341003,61.762380952380965,62.40499999999999,98.80952380952381,96.16666666666667,3.4482550267662337,3.2135132560090707,0.8180959929710641,19.0,29.0,1.3862943611198906,3.6888794541139363,0.7333333333333333,0.38461538461538464,0.0,0.05128205128205128,0.5,0.46153846153846156,0.25,0.10256410256410256,0.5128205128205128,0.10256410256410256,0.38461538461538464
user_153,3.784189633918261,0.5116279069767442,0.4883720930232558,1.3862943611198906,2.4849066497880004,1.6094379124341003,66.83704545454545,75.0407142857143,67.36363636363636,71.47619047619048,3.5150831391815385,3.2089873002587996,1.3315796225857792,0.0,28.0,2.1972245773362196,3.6635616461296463,0.3,0.23255813953488372,0.0,0.046511627906976744,0.6111111111111112,0.4186046511627907,0.6153846153846154,0.3023255813953488,0.6046511627906976,0.06976744186046512,0.32558139534883723
user_154,3.6375861597263857,0.7567567567567568,0.24324324324324326,1.6094379124341003,2.70805020110221,1.791759469228055,70.58053571428572,59.25888888888889,115.82142857142857,101.44444444444444,3.7428408654535343,3.529696439528413,1.3056334087653163,40.0,31.0,1.791759469228055,3.58351893845611,0.6363636363636364,0.2972972972972973,0.6666666666666666,0.08108108108108109,0.8823529411764706,0.4594594594594595,0.6666666666666666,0.16216216216216217,0.6486486486486487,0.13513513513513514,0.21621621621621623
user_155,3.9318256327243257,0.56,0.44,1.6094379124341003,2.4849066497880004,1.6094379124341003,73.86571428571428,60.99454545454547,112.10714285714286,106.04545454545455,3.4231449409815764,3.1405322626627075,0.8059584928680418,23.0,40.0,1.791759469228055,3.8501476017100584,0.5,0.08,0.2,0.1,0.6785714285714286,0.56,0.46153846153846156,0.26,0.46,0.06,0.48
user_156,3.6109179126442243,0.4722222222222222,0.5277777777777778,1.3862943611198906,2.3978952727983707,1.6094379124341003,71.83588235294118,56.79,48.05882352941177,74.15789473684211,3.4193819456463714,3.1462863706621045,1.450467463408549,0.0,22.0,2.1972245773362196,3.58351893845611,0.36363636363636365,0.3055555555555556,0.0,0.05555555555555555,0.5625,0.4444444444444444,0.5714285714285714,0.19444444444444445,0.5833333333333334,0.1111111111111111,0.3055555555555556
user_157,3.784189633918261,0.5348837209302325,0.46511627906976744,1.6094379124341003,2.6390573296152584,1.791759469228055,75.96782608695652,69.95575,66.43478260869566,56.55,3.7462919417363416,3.534219021180341,1.44726249944121,0.0,25.0,1.3862943611198906,3.784189633918261,0.5,0.23255813953488372,0.5,0.046511627906976744,0.65,0.46511627906976744,0.36363636363636365,0.2558139534883721,0.5116279069767442,0.11627906976744186,0.37209302325581395
user_158,4.02535169073515,0.5454545454545454,0.45454545454545453,1.6094379124341003,2.5649493574615367,1.3862943611198906,64.10416666666667,66.9724,44.3,49.92,3.5095851536229983,3.311080496244278,0.9055872616982603,0.0,7.0,1.6094379124341003,3.9889840465642745,0.4444444444444444,0.16363636363636364,0.5,0.07272727272727272,0.625,0.5818181818181818,0.4,0.18181818181818182,0.5272727272727272,0.03636363636363636,0.43636363636363634
user_159,3.970291913552122,0.5192307692307693,0.4807692307692308,1.6094379124341003,2.3978952727983707,1.6094379124341003,71.88833333333334,66.72980000000001,111.14814814814815,88.96,3.628043210586131,3.105653242423439,1.042344321483692,21.0,41.0,2.0794415416798357,3.970291913552122,0.45454545454545453,0.21153846153846154,0.2,0.09615384615384616,0.5652173913043478,0.4423076923076923,0.6153846153846154,0.25,0.38461538461538464,0.17307692307692307,0.4423076923076923
user_160,4.07753744390572,0.5517241379310345,0.4482758620689655,1.6094379124341003,2.6390573296152584,1.791759469228055,70.1846875,68.60076923076923,97.96875,104.6923076923077,3.6558641949053046,3.5581573285181993,1.3500996096414135,17.0,46.0,1.3862943611198906,3.970291913552122,0.4444444444444444,0.3103448275862069,0.3333333333333333,0.10344827586206896,0.6956521739130435,0.39655172413793105,0.5454545454545454,0.1896551724137931,0.5689655172413793,0.06896551724137931,0.3620689655172414
user_161,3.6109179126442243,0.5833333333333334,0.4166666666666667,1.3862943611198906,2.1972245773362196,1.6094379124341003,66.06023809523809,54.79233333333334,55.76190476190476,66.53333333333333,3.3469901985134145,2.8152023999804863,1.280019973431558,0.0,14.0,1.9459101490553132,3.5553480614894135,0.8461538461538461,0.3611111111111111,0.0,0.1111111111111111,0.5833333333333334,0.3333333333333333,0.42857142857142855,0.19444444444444445,0.6666666666666666,0.05555555555555555,0.2777777777777778
user_162,4.07753744390572,0.4827586206896552,0.5172413793103449,1.6094379124341003,2.3978952727983707,1.6094379124341003,65.45660714285715,64.46650000000001,91.89285714285714,100.06666666666666,3.5976749598987903,3.0960639591685455,1.173482033390429,15.0,46.0,2.1972245773362196,3.8918202981106265,0.45,0.3448275862068966,0.2,0.08620689655172414,0.56,0.43103448275862066,0.5,0.13793103448275862,0.46551724137931033,0.08620689655172414,0.4482758620689655
user_163,4.07753744390572,0.5172413793103449,0.4827586206896552,1.6094379124341003,2.5649493574615367,1.6094379124341003,65.89983333333333,62.47642857142856,99.43333333333334,98.92857142857143,3.523220601209277,3.3898980954642877,1.119648241796936,23.0,36.0,2.0794415416798357,3.8501476017100584,0.5,0.27586206896551724,1.0,0.017241379310344827,0.5517241379310345,0.5,0.4166666666666667,0.20689655172413793,0.5344827586206896,0.06896551724137931,0.39655172413793105
user_164,3.912023005428146,0.5918367346938775,0.40816326530612246,1.3862943611198906,2.5649493574615367,1.3862943611198906,70.34120689655172,66.74725,108.17241379310344,92.05,3.8298504174539607,3.341630358884914,0.8306021151458061,18.0,39.0,1.3862943611198906,3.8918202981106265,0.6666666666666666,0.30612244897959184,0.0,0.12244897959183673,0.75,0.40816326530612246,0.5,0.16326530612244897,0.6938775510204082,0.061224489795918366,0.24489795918367346
user_165,4.060443010546419,0.6140350877192983,0.38596491228070173,1.6094379124341003,2.70805020110221,1.9459101490553132,69.32585714285715,60.83977272727273,134.11428571428573,116.0,3.806121813544909,3.6011703467917076,1.4693857385344489,41.0,40.0,2.1972245773362196,4.02535169073515,0.7777777777777778,0.15789473684210525,0.16666666666666666,0.10526315789473684,0.6666666666666666,0.5263157894736842,0.5833333333333334,0.21052631578947367,0.5263157894736842,0.15789473684210525,0.3157894736842105
user_166,3.8066624897703196,0.5227272727272727,0.4772727272727273,1.6094379124341003,2.3978952727983707,1.6094379124341003,72.82434782608695,57.11071428571428,84.34782608695652,98.61904761904762,3.773504130742206,3.04642419731627,0.9274479232123118,7.0,38.0,1.791759469228055,3.7612001156935624,0.5,0.13636363636363635,0.3333333333333333,0.20454545454545456,0.6521739130434783,0.5227272727272727,0.3333333333333333,0.13636363636363635,0.4090909090909091,0.18181818181818182,0.4090909090909091
user_167,4.060443010546419,0.5087719298245614,0.49122807017543857,1.6094379124341003,2.6390573296152584,1.6094379124341003,70.0055172413793,57.02321428571429,76.93103448275862,74.53571428571429,3.762886840795608,3.512479270691232,0.8995676323871853,0.0,39.0,2.1972245773362196,4.060443010546419,0.5714285714285714,0.24561403508771928,0.25,0.14035087719298245,0.5833333333333334,0.42105263157894735,0.45454545454545453,0.19298245614035087,0.5789473684210527,0.05263157894736842,0.3684210526315789
user_168,3.6375861597263857,0.5675675675675675,0.43243243243243246,1.6094379124341003,2.5649493574615367,1.6094379124341003,75.19619047619047,69.8346875,87.33333333333333,73.6875,3.817297284430925,3.3680424225727146,1.118275160770976,4.0,32.0,1.791759469228055,3.5263605246161616,0.5454545454545454,0.2972972972972973,0.3333333333333333,0.16216216216216217,0.8,0.2702702702702703,0.5,0.2702702702702703,0.32432432432432434,0.08108108108108109,0.5945945945945946
user_169,3.6888794541139363,0.6153846153846154,0.38461538461538464,1.6094379124341003,2.4849066497880004,1.6094379124341003,64.38854166666667,57.66333333333333,127.45833333333333,135.4,3.669516321204457,3.355388542207534,0.7416847557897408,54.0,30.0,2.1972245773362196,3.6635616461296463,0.75,0.20512820512820512,0.3333333333333333,0.15384615384615385,0.7,0.5128205128205128,0.4,0.1282051282051282,0.4358974358974359,0.07692307692307693,0.48717948717948717
user_170,4.127134385045092,0.5737704918032787,0.4262295081967213,1.6094379124341003,2.70805020110221,1.791759469228055,69.92099999999999,63.59096153846154,116.0,105.88461538461539,3.7452252494128646,3.625591860285232,1.390674667044064,24.0,57.0,1.3862943611198906,4.060443010546419,0.5555555555555556,0.29508196721311475,0.8333333333333334,0.09836065573770492,0.5833333333333334,0.39344262295081966,0.46153846153846156,0.21311475409836064,0.5081967213114754,0.08196721311475409,0.4098360655737705
user_171,4.07753744390572,0.603448275862069,0.39655172413793105,1.6094379124341003,2.6390573296152584,1.791759469228055,67.41285714285713,65.8091304347826,63.82857142857143,56.869565217391305,3.7990826701747933,3.4145398046305795,1.36625315355054,0.0,2.0,2.0794415416798357,4.060443010546419,0.4375,0.27586206896551724,0.5,0.06896551724137931,0.7142857142857143,0.4827586206896552,0.6,0.1724137931034483,0.43103448275862066,0.1724137931034483,0.39655172413793105
user_172,4.07753744390572,0.5172413793103449,0.4827586206896552,1.6094379124341003,2.70805020110221,1.791759469228055,66.023,57.97535714285715,123.9,97.35714285714286,3.685783806862367,3.5395722619867227,0.833176173219572,28.0,47.0,2.0794415416798357,3.9889840465642745,0.47058823529411764,0.29310344827586204,0.6666666666666666,0.05172413793103448,0.5416666666666666,0.41379310344827586,0.5,0.2413793103448276,0.46551724137931033,0.034482758620689655,0.5
user_173,4.060443010546419,0.6666666666666666,0.3333333333333333,1.3862943611198906,2.4849066497880004,1.791759469228055,75.17697368421054,83.05394736842106,106.97368421052632,107.57894736842105,3.5384309194013754,3.3598063039210997,1.2448824391820104,33.0,45.0,2.0794415416798357,4.007333185232471,0.7272727272727273,0.19298245614035087,0.0,0.05263157894736842,0.7666666666666667,0.5263157894736842,0.5384615384615384,0.22807017543859648,0.45614035087719296,0.12280701754385964,0.42105263157894735
user_174,3.6888794541139363,0.46153846153846156,0.5384615384615384,1.6094379124341003,2.70805020110221,1.6094379124341003,68.46416666666667,66.19428571428571,127.61111111111111,133.23809523809524,3.8208018219708704,3.6835423624332306,0.9141828384352135,53.0,31.0,1.3862943611198906,3.6888794541139363,0.5,0.2564102564102564,0.4,0.1282051282051282,0.4666666666666667,0.38461538461538464,0.4444444444444444,0.23076923076923078,0.5384615384615384,0.07692307692307693,0.38461538461538464
user_175,3.784189633918261,0.6511627906976745,0.3488372093023256,1.6094379124341003,2.772588722239781,1.0986122886681098,72.33785714285715,55.681666666666665,65.35714285714286,71.0,3.661373698610686,3.6070106193991465,0.222284830685688,0.0,17.0,1.9459101490553132,3.6888794541139363,0.6363636363636364,0.2558139534883721,0.5,0.09302325581395349,0.7,0.46511627906976744,0.625,0.18604651162790697,0.5348837209302325,0.023255813953488372,0.4418604651162791
user_176,4.04305126783455,0.4642857142857143,0.5357142857142857,1.6094379124341003,2.3978952727983707,1.9459101490553132,61.662499999999994,69.291,55.96153846153846,67.03333333333333,3.632525458810803,3.0710347959641577,1.5813432267683,0.0,11.0,2.1972245773362196,4.02535169073515,0.45454545454545453,0.19642857142857142,0.3333333333333333,0.10714285714285714,0.6153846153846154,0.4642857142857143,0.23076923076923078,0.23214285714285715,0.5892857142857143,0.10714285714285714,0.30357142857142855
user_177,4.060443010546419,0.5789473684210527,0.42105263157894735,1.6094379124341003,2.6390573296152584,1.3862943611198906,70.98212121212123,58.300625000000004,97.27272727272727,81.33333333333333,3.602162990642447,3.3889641047193417,0.8658566174572235,12.0,48.0,1.9459101490553132,3.9889840465642745,0.6153846153846154,0.22807017543859648,0.3333333333333333,0.10526315789473684,0.59375,0.5614035087719298,0.6666666666666666,0.10526315789473684,0.49122807017543857,0.12280701754385964,0.38596491228070173
user_178,3.8918202981106265,0.4583333333333333,0.5416666666666666,1.6094379124341003,2.5649493574615367,1.6094379124341003,67.27568181818182,69.3048076923077,105.54545454545455,104.92307692307692,3.5855006579912168,3.2953570516174415,1.2433003685389579,26.0,37.0,1.3862943611198906,3.7612001156935624,0.4444444444444444,0.1875,0.3333333333333333,0.0625,0.5416666666666666,0.5,0.3333333333333333,0.25,0.4375,0.20833333333333334,0.3541666666666667
user_179,3.58351893845611,0.6571428571428571,0.34285714285714286,1.6094379124341003,2.5649493574615367,1.0986122886681098,60.9836956521739,62.46291666666667,58.26086956521739,62.083333333333336,3.797020431713804,3.4472624994412104,0.6665783579949205,0.0,14.0,1.791759469228055,3.58351893845611,0.625,0.22857142857142856,0.25,0.11428571428571428,0.7058823529411765,0.4857142857142857,0.8333333333333334,0.17142857142857143,0.45714285714285713,0.11428571428571428,0.42857142857142855
user_180,4.189654742026425,0.49230769230769234,0.5076923076923077,1.3862943611198906,2.5649493574615367,1.6094379124341003,76.37109375,64.27727272727273,71.125,61.06060606060606,3.653825551825357,3.452819531114783,0.9698024945677542,0.0,20.0,1.9459101490553132,4.110873864173311,0.4074074074074074,0.4153846153846154,0.0,0.03076923076923077,0.5,0.36923076923076925,0.75,0.18461538461538463,0.46153846153846156,0.07692307692307693,0.46153846153846156
