cluster_id,segmento,genero,subgenero,total_swipes,right_swipes,right_swipe_rate,global_right_swipe_rate,affinity_lift_vs_global,share_of_cluster_right_swipes,cluster_affinity_rank
0,Music,Electronic,House,495,286,0.577778,0.462772,1.248515,0.066496,1
0,Music,Rock,Indie_Rock,486,278,0.572016,0.459459,1.244977,0.064636,2
0,Music,Urban,Hip_Hop,505,295,0.584158,0.471478,1.238993,0.068589,3
0,Music,Electronic,Techno,513,282,0.549708,0.445652,1.23349,0.065566,4
0,Music,Pop,Latin_Pop,531,311,0.585687,0.476404,1.229391,0.072309,5
0,Music,Pop,Mainstream_Pop,499,268,0.537074,0.443114,1.212046,0.062311,6
0,Music,Urban,Trap,493,281,0.56998,0.470379,1.211745,0.065334,7
0,Music,Rock,Alternative_Rock,531,305,0.574388,0.474912,1.209461,0.070914,8
0,Family,Exhibition,Immersive,286,92,0.321678,0.32106,1.001925,0.02139,9
0,Sports,Basketball,EuroLeague,312,119,0.38141,0.398485,0.957151,0.027668,10
0,Arts_Theatre,Comedy,Improvised,355,120,0.338028,0.35894,0.941739,0.0279,11
0,Arts_Theatre,Theatre,Drama,327,124,0.379205,0.416332,0.910823,0.028831,12
0,Arts_Theatre,Classical,Chamber,323,109,0.337461,0.376694,0.895851,0.025343,13
0,Family,Kids,Interactive_Show,279,89,0.318996,0.358346,0.890191,0.020693,14
0,Arts_Theatre,Comedy,Stand_Up,364,130,0.357143,0.403509,0.885093,0.030226,15
0,Family,Circus,Family_Circus,284,86,0.302817,0.351551,0.861374,0.019995,16
0,Family,Circus,Acrobatic,304,88,0.289474,0.337553,0.857566,0.02046,17
0,Family,Kids,Storytelling,302,92,0.304636,0.35806,0.850795,0.02139,18
0,Arts_Theatre,Musical,Broadway,322,109,0.338509,0.402778,0.840437,0.025343,19
0,Arts_Theatre,Classical,Symphonic,364,125,0.343407,0.413386,0.830717,0.029063,20
0,Arts_Theatre,Theatre,Contemporary,362,119,0.328729,0.399748,0.822342,0.027668,21
0,Arts_Theatre,Musical,Local_Musical,327,101,0.308869,0.377205,0.818835,0.023483,22
0,Sports,Football,La_Liga,228,70,0.307018,0.376432,0.815599,0.016275,23
0,Sports,Basketball,ACB,325,100,0.307692,0.378655,0.812593,0.02325,24
0,Family,Exhibition,Science,267,83,0.310861,0.385113,0.807195,0.019298,25
0,Sports,Tennis,ATP,269,88,0.327138,0.419192,0.7804,0.02046,26
0,Sports,Tennis,Exhibition,288,84,0.291667,0.388106,0.751512,0.01953,27
0,Sports,Football,International_Friendly,255,67,0.262745,0.386435,0.67992,0.015578,28
1,Family,Exhibition,Science,175,109,0.622857,0.385113,1.617335,0.097061,1
1,Family,Kids,Storytelling,185,99,0.535135,0.35806,1.494541,0.088157,2
1,Family,Circus,Acrobatic,202,99,0.490099,0.337553,1.451918,0.088157,3
1,Family,Exhibition,Immersive,179,82,0.458101,0.32106,1.426836,0.073019,4
1,Family,Circus,Family_Circus,186,92,0.494624,0.351551,1.406976,0.081923,5
1,Family,Kids,Interactive_Show,183,90,0.491803,0.358346,1.372425,0.080142,6
1,Arts_Theatre,Theatre,Contemporary,120,43,0.358333,0.399748,0.896399,0.03829,7
1,Arts_Theatre,Theatre,Drama,128,47,0.367188,0.416332,0.881958,0.041852,8
1,Arts_Theatre,Comedy,Improvised,135,42,0.311111,0.35894,0.866749,0.0374,9
1,Arts_Theatre,Comedy,Stand_Up,139,47,0.338129,0.403509,0.837973,0.041852,10
1,Arts_Theatre,Classical,Symphonic,115,39,0.33913,0.413386,0.820373,0.034728,11
1,Arts_Theatre,Classical,Chamber,113,29,0.256637,0.376694,0.681289,0.025824,12
1,Arts_Theatre,Musical,Local_Musical,109,26,0.238532,0.377205,0.632368,0.023152,13
1,Sports,Basketball,ACB,76,18,0.236842,0.378655,0.625483,0.016028,14
1,Music,Urban,Trap,93,25,0.268817,0.470379,0.57149,0.022262,15
1,Music,Pop,Mainstream_Pop,101,25,0.247525,0.443114,0.558603,0.022262,16
1,Music,Rock,Indie_Rock,96,24,0.25,0.459459,0.544118,0.021371,17
1,Music,Pop,Latin_Pop,103,26,0.252427,0.476404,0.529859,0.023152,18
1,Sports,Tennis,Exhibition,73,14,0.191781,0.388106,0.494145,0.012467,19
1,Music,Electronic,House,99,22,0.222222,0.462772,0.480198,0.01959,20
1,Music,Rock,Alternative_Rock,97,22,0.226804,0.474912,0.47757,0.01959,21
1,Arts_Theatre,Musical,Broadway,89,17,0.191011,0.402778,0.474235,0.015138,22
1,Sports,Basketball,EuroLeague,80,15,0.1875,0.398485,0.470532,0.013357,23
1,Music,Urban,Hip_Hop,115,24,0.208696,0.471478,0.442641,0.021371,24
1,Music,Electronic,Techno,71,14,0.197183,0.445652,0.44246,0.012467,25
1,Sports,Football,International_Friendly,71,12,0.169014,0.386435,0.437367,0.010686,26
1,Sports,Tennis,ATP,69,12,0.173913,0.419192,0.414877,0.010686,27
1,Sports,Football,La_Liga,82,9,0.109756,0.376432,0.291569,0.008014,28
2,Arts_Theatre,Classical,Symphonic,184,121,0.657609,0.413386,1.590787,0.080991,1
2,Arts_Theatre,Musical,Local_Musical,200,120,0.6,0.377205,1.590647,0.080321,2
2,Arts_Theatre,Classical,Chamber,189,113,0.597884,0.376694,1.587187,0.075636,3
2,Arts_Theatre,Theatre,Contemporary,198,118,0.59596,0.399748,1.490839,0.078983,4
2,Arts_Theatre,Musical,Broadway,198,118,0.59596,0.402778,1.479624,0.078983,5
2,Arts_Theatre,Comedy,Stand_Up,183,109,0.595628,0.403509,1.476123,0.072959,6
2,Arts_Theatre,Comedy,Improvised,168,88,0.52381,0.35894,1.459322,0.058902,7
2,Arts_Theatre,Theatre,Drama,177,101,0.570621,0.416332,1.370592,0.067604,8
2,Family,Kids,Interactive_Show,109,37,0.33945,0.358346,0.947267,0.024766,9
2,Family,Kids,Storytelling,117,38,0.324786,0.35806,0.907073,0.025435,10
2,Music,Rock,Alternative_Rock,113,48,0.424779,0.474912,0.894436,0.032129,11
2,Family,Circus,Acrobatic,104,31,0.298077,0.337553,0.883053,0.02075,12
2,Music,Urban,Hip_Hop,118,48,0.40678,0.471478,0.862775,0.032129,13
2,Family,Circus,Family_Circus,113,34,0.300885,0.351551,0.855879,0.022758,14
2,Music,Pop,Latin_Pop,123,48,0.390244,0.476404,0.819144,0.032129,15
2,Music,Rock,Indie_Rock,113,40,0.353982,0.459459,0.770432,0.026774,16
2,Music,Urban,Trap,123,44,0.357724,0.470379,0.760501,0.029451,17
2,Music,Electronic,House,118,41,0.347458,0.462772,0.750818,0.027443,18
2,Music,Pop,Mainstream_Pop,126,40,0.31746,0.443114,0.716431,0.026774,19
2,Family,Exhibition,Science,89,23,0.258427,0.385113,0.671041,0.015395,20
2,Music,Electronic,Techno,104,28,0.269231,0.445652,0.604128,0.018742,21
2,Sports,Basketball,ACB,92,21,0.228261,0.378655,0.60282,0.014056,22
2,Sports,Tennis,ATP,59,14,0.237288,0.419192,0.566061,0.009371,23
2,Sports,Tennis,Exhibition,72,15,0.208333,0.388106,0.536794,0.01004,24
2,Family,Exhibition,Immersive,106,18,0.169811,0.32106,0.528908,0.012048,25
2,Sports,Basketball,EuroLeague,87,17,0.195402,0.398485,0.490363,0.011379,26
2,Sports,Football,La_Liga,82,14,0.170732,0.376432,0.453552,0.009371,27
2,Sports,Football,International_Friendly,66,7,0.106061,0.386435,0.274459,0.004685,28
3,Sports,Football,International_Friendly,242,159,0.657025,0.386435,1.700219,0.104126,1
3,Sports,Tennis,Exhibition,206,135,0.65534,0.388106,1.688557,0.088409,2
3,Sports,Football,La_Liga,219,137,0.625571,0.376432,1.661842,0.089718,3
3,Sports,Basketball,ACB,191,120,0.628272,0.378655,1.659221,0.078585,4
3,Sports,Tennis,ATP,197,135,0.685279,0.419192,1.634762,0.088409,5
3,Sports,Basketball,EuroLeague,181,112,0.618785,0.398485,1.552843,0.073346,6
3,Arts_Theatre,Musical,Broadway,111,46,0.414414,0.402778,1.028891,0.030124,7
3,Arts_Theatre,Theatre,Contemporary,113,37,0.327434,0.399748,0.819101,0.024231,8
3,Arts_Theatre,Theatre,Drama,115,39,0.33913,0.416332,0.814567,0.02554,9
3,Arts_Theatre,Musical,Local_Musical,101,31,0.306931,0.377205,0.813698,0.020301,10
3,Arts_Theatre,Comedy,Stand_Up,112,36,0.321429,0.403509,0.796584,0.023576,11
3,Family,Circus,Family_Circus,94,26,0.276596,0.351551,0.786787,0.017027,12
3,Music,Pop,Mainstream_Pop,109,37,0.33945,0.443114,0.766055,0.024231,13
3,Family,Exhibition,Immersive,108,26,0.240741,0.32106,0.74983,0.017027,14
3,Music,Urban,Trap,135,47,0.348148,0.470379,0.740144,0.030779,15
3,Music,Electronic,House,161,55,0.341615,0.462772,0.738193,0.036018,16
3,Arts_Theatre,Classical,Symphonic,99,30,0.30303,0.413386,0.733045,0.019646,17
3,Music,Electronic,Techno,140,45,0.321429,0.445652,0.721254,0.02947,18
3,Family,Exhibition,Science,87,23,0.264368,0.385113,0.686468,0.015062,19
3,Music,Urban,Hip_Hop,121,38,0.31405,0.471478,0.666095,0.024885,20
3,Family,Circus,Acrobatic,101,22,0.217822,0.337553,0.645297,0.014407,21
3,Arts_Theatre,Classical,Chamber,113,27,0.238938,0.376694,0.634303,0.017682,22
3,Family,Kids,Storytelling,97,22,0.226804,0.35806,0.633425,0.014407,23
3,Music,Pop,Latin_Pop,133,39,0.293233,0.476404,0.615513,0.02554,24
3,Family,Kids,Interactive_Show,82,18,0.219512,0.358346,0.61257,0.011788,25
3,Arts_Theatre,Comedy,Improvised,97,21,0.216495,0.35894,0.60315,0.013752,26
3,Music,Rock,Indie_Rock,119,32,0.268908,0.459459,0.585269,0.020956,27
3,Music,Rock,Alternative_Rock,116,32,0.275862,0.474912,0.580869,0.020956,28
